{"type":"FeatureCollection", "features": [
{"type":"Feature","geometry":null,"properties":{"OBJECTID":1,"ID_0":70,"ISO":"SLV","NAME_0":"El Salvador","ID_1":1,"NAME_1":"Ahuachapán","ID_2":1,"NAME_2":"Ahuachapán","TYPE_2":"Municipio","ENGTYPE_2":"Municipality","NL_NAME_2":"NA","VARNAME_2":"NA"}},
{"type":"Feature","geometry":null,"properties":{"OBJECTID":2,"ID_0":70,"ISO":"SLV","NAME_0":"El Salvador","ID_1":1,"NAME_1":"Ahuachapán","ID_2":2,"NAME_2":"Apaneca","TYPE_2":"Municipio","ENGTYPE_2":"Municipality","NL_NAME_2":"NA","VARNAME_2":"NA"}},
{"type":"Feature","geometry":null,"properties":{"OBJECTID":3,"ID_0":70,"ISO":"SLV","NAME_0":"El Salvador","ID_1":1,"NAME_1":"Ahuachapán","ID_2":3,"NAME_2":"Atiquizaya","TYPE_2":"Municipio","ENGTYPE_2":"Municipality","NL_NAME_2":"NA","VARNAME_2":"NA"}},
{"type":"Feature","geometry":null,"properties":{"OBJECTID":4,"ID_0":70,"ISO":"SLV","NAME_0":"El Salvador","ID_1":1,"NAME_1":"Ahuachapán","ID_2":4,"NAME_2":"Concepción de Ataco","TYPE_2":"Municipio","ENGTYPE_2":"Municipality","NL_NAME_2":"NA","VARNAME_2":"NA"}},
{"type":"Feature","geometry":null,"properties":{"OBJECTID":5,"ID_0":70,"ISO":"SLV","NAME_0":"El Salvador","ID_1":1,"NAME_1":"Ahuachapán","ID_2":5,"NAME_2":"El Refugio","TYPE_2":"Municipio","ENGTYPE_2":"Municipality","NL_NAME_2":"NA","VARNAME_2":"NA"}},
{"type":"Feature","geometry":null,"properties":{"OBJECTID":6,"ID_0":70,"ISO":"SLV","NAME_0":"El Salvador","ID_1":1,"NAME_1":"Ahuachapán","ID_2":6,"NAME_2":"Guaymango","TYPE_2":"Municipio","ENGTYPE_2":"Municipality","NL_NAME_2":"NA","VARNAME_2":"NA"}},
{"type":"Feature","geometry":null,"properties":{"OBJECTID":7,"ID_0":70,"ISO":"SLV","NAME_0":"El Salvador","ID_1":1,"NAME_1":"Ahuachapán","ID_2":7,"NAME_2":"Jujutla","TYPE_2":"Municipio","ENGTYPE_2":"Municipality","NL_NAME_2":"NA","VARNAME_2":"NA"}},
{"type":"Feature","geometry":null,"properties":{"OBJECTID":8,"ID_0":70,"ISO":"SLV","NAME_0":"El Salvador","ID_1":1,"NAME_1":"Ahuachapán","ID_2":8,"NAME_2":"San Francisco Menéndez","TYPE_2":"Municipio","ENGTYPE_2":"Municipality","NL_NAME_2":"NA","VARNAME_2":"NA"}},
{"type":"Feature","geometry":null,"properties":{"OBJECTID":9,"ID_0":70,"ISO":"SLV","NAME_0":"El Salvador","ID_1":1,"NAME_1":"Ahuachapán","ID_2":9,"NAME_2":"San Lorenzo","TYPE_2":"Municipio","ENGTYPE_2":"Municipality","NL_NAME_2":"NA","VARNAME_2":"NA"}},
{"type":"Feature","geometry":null,"properties":{"OBJECTID":10,"ID_0":70,"ISO":"SLV","NAME_0":"El Salvador","ID_1":1,"NAME_1":"Ahuachapán","ID_2":10,"NAME_2":"San Pedro Puxtla","TYPE_2":"Municipio","ENGTYPE_2":"Municipality","NL_NAME_2":"NA","VARNAME_2":"NA"}},
{"type":"Feature","geometry":null,"properties":{"OBJECTID":11,"ID_0":70,"ISO":"SLV","NAME_0":"El Salvador","ID_1":1,"NAME_1":"Ahuachapán","ID_2":11,"NAME_2":"Tacuba","TYPE_2":"Municipio","ENGTYPE_2":"Municipality","NL_NAME_2":"NA","VARNAME_2":"NA"}},
{"type":"Feature","geometry":null,"properties":{"OBJECTID":12,"ID_0":70,"ISO":"SLV","NAME_0":"El Salvador","ID_1":1,"NAME_1":"Ahuachapán","ID_2":12,"NAME_2":"Turín","TYPE_2":"Municipio","ENGTYPE_2":"Municipality","NL_NAME_2":"NA","VARNAME_2":"NA"}},
{"type":"Feature","geometry":null,"properties":{"OBJECTID":13,"ID_0":70,"ISO":"SLV","NAME_0":"El Salvador","ID_1":2,"NAME_1":"Cabañas","ID_2":13,"NAME_2":"Cinquera","TYPE_2":"Municipio","ENGTYPE_2":"Municipality","NL_NAME_2":"NA","VARNAME_2":"NA"}},
{"type":"Feature","geometry":null,"properties":{"OBJECTID":14,"ID_0":70,"ISO":"SLV","NAME_0":"El Salvador","ID_1":2,"NAME_1":"Cabañas","ID_2":14,"NAME_2":"Dolores","TYPE_2":"Municipio","ENGTYPE_2":"Municipality","NL_NAME_2":"NA","VARNAME_2":"NA"}},
{"type":"Feature","geometry":null,"properties":{"OBJECTID":15,"ID_0":70,"ISO":"SLV","NAME_0":"El Salvador","ID_1":2,"NAME_1":"Cabañas","ID_2":15,"NAME_2":"Guacotecti","TYPE_2":"Municipio","ENGTYPE_2":"Municipality","NL_NAME_2":"NA","VARNAME_2":"NA"}},
{"type":"Feature","geometry":null,"properties":{"OBJECTID":16,"ID_0":70,"ISO":"SLV","NAME_0":"El Salvador","ID_1":2,"NAME_1":"Cabañas","ID_2":16,"NAME_2":"Ilobasco","TYPE_2":"Municipio","ENGTYPE_2":"Municipality","NL_NAME_2":"NA","VARNAME_2":"NA"}},
{"type":"Feature","geometry":null,"properties":{"OBJECTID":17,"ID_0":70,"ISO":"SLV","NAME_0":"El Salvador","ID_1":2,"NAME_1":"Cabañas","ID_2":17,"NAME_2":"Jutiapa","TYPE_2":"Municipio","ENGTYPE_2":"Municipality","NL_NAME_2":"NA","VARNAME_2":"NA"}},
{"type":"Feature","geometry":null,"properties":{"OBJECTID":18,"ID_0":70,"ISO":"SLV","NAME_0":"El Salvador","ID_1":2,"NAME_1":"Cabañas","ID_2":18,"NAME_2":"San Isidro","TYPE_2":"Municipio","ENGTYPE_2":"Municipality","NL_NAME_2":"NA","VARNAME_2":"NA"}},
{"type":"Feature","geometry":null,"properties":{"OBJECTID":19,"ID_0":70,"ISO":"SLV","NAME_0":"El Salvador","ID_1":2,"NAME_1":"Cabañas","ID_2":19,"NAME_2":"Sensuntepeque","TYPE_2":"Municipio","ENGTYPE_2":"Municipality","NL_NAME_2":"NA","VARNAME_2":"NA"}},
{"type":"Feature","geometry":null,"properties":{"OBJECTID":20,"ID_0":70,"ISO":"SLV","NAME_0":"El Salvador","ID_1":2,"NAME_1":"Cabañas","ID_2":20,"NAME_2":"Tejutepeque","TYPE_2":"Municipio","ENGTYPE_2":"Municipality","NL_NAME_2":"NA","VARNAME_2":"NA"}},
{"type":"Feature","geometry":null,"properties":{"OBJECTID":21,"ID_0":70,"ISO":"SLV","NAME_0":"El Salvador","ID_1":2,"NAME_1":"Cabañas","ID_2":21,"NAME_2":"Victoria","TYPE_2":"Municipio","ENGTYPE_2":"Municipality","NL_NAME_2":"NA","VARNAME_2":"NA"}},
{"type":"Feature","geometry":null,"properties":{"OBJECTID":22,"ID_0":70,"ISO":"SLV","NAME_0":"El Salvador","ID_1":3,"NAME_1":"Chalatenango","ID_2":22,"NAME_2":"Agua Caliente","TYPE_2":"Municipio","ENGTYPE_2":"Municipality","NL_NAME_2":"NA","VARNAME_2":"NA"}},
{"type":"Feature","geometry":null,"properties":{"OBJECTID":23,"ID_0":70,"ISO":"SLV","NAME_0":"El Salvador","ID_1":3,"NAME_1":"Chalatenango","ID_2":23,"NAME_2":"Arcatao","TYPE_2":"Municipio","ENGTYPE_2":"Municipality","NL_NAME_2":"NA","VARNAME_2":"NA"}},
{"type":"Feature","geometry":null,"properties":{"OBJECTID":24,"ID_0":70,"ISO":"SLV","NAME_0":"El Salvador","ID_1":3,"NAME_1":"Chalatenango","ID_2":24,"NAME_2":"Azacualpa","TYPE_2":"Municipio","ENGTYPE_2":"Municipality","NL_NAME_2":"NA","VARNAME_2":"NA"}},
{"type":"Feature","geometry":null,"properties":{"OBJECTID":25,"ID_0":70,"ISO":"SLV","NAME_0":"El Salvador","ID_1":3,"NAME_1":"Chalatenango","ID_2":25,"NAME_2":"Chalatenango","TYPE_2":"Municipio","ENGTYPE_2":"Municipality","NL_NAME_2":"NA","VARNAME_2":"NA"}},
{"type":"Feature","geometry":null,"properties":{"OBJECTID":26,"ID_0":70,"ISO":"SLV","NAME_0":"El Salvador","ID_1":3,"NAME_1":"Chalatenango","ID_2":26,"NAME_2":"Citalá","TYPE_2":"Municipio","ENGTYPE_2":"Municipality","NL_NAME_2":"NA","VARNAME_2":"NA"}},
{"type":"Feature","geometry":null,"properties":{"OBJECTID":27,"ID_0":70,"ISO":"SLV","NAME_0":"El Salvador","ID_1":3,"NAME_1":"Chalatenango","ID_2":27,"NAME_2":"Comalapa","TYPE_2":"Municipio","ENGTYPE_2":"Municipality","NL_NAME_2":"NA","VARNAME_2":"NA"}},
{"type":"Feature","geometry":null,"properties":{"OBJECTID":28,"ID_0":70,"ISO":"SLV","NAME_0":"El Salvador","ID_1":3,"NAME_1":"Chalatenango","ID_2":28,"NAME_2":"Concepción Quezaltepeque","TYPE_2":"Municipio","ENGTYPE_2":"Municipality","NL_NAME_2":"NA","VARNAME_2":"NA"}},
{"type":"Feature","geometry":null,"properties":{"OBJECTID":29,"ID_0":70,"ISO":"SLV","NAME_0":"El Salvador","ID_1":3,"NAME_1":"Chalatenango","ID_2":29,"NAME_2":"Dulce Nombre de María","TYPE_2":"Municipio","ENGTYPE_2":"Municipality","NL_NAME_2":"NA","VARNAME_2":"NA"}},
{"type":"Feature","geometry":null,"properties":{"OBJECTID":30,"ID_0":70,"ISO":"SLV","NAME_0":"El Salvador","ID_1":3,"NAME_1":"Chalatenango","ID_2":30,"NAME_2":"El Carrizal","TYPE_2":"Municipio","ENGTYPE_2":"Municipality","NL_NAME_2":"NA","VARNAME_2":"NA"}},
{"type":"Feature","geometry":null,"properties":{"OBJECTID":31,"ID_0":70,"ISO":"SLV","NAME_0":"El Salvador","ID_1":3,"NAME_1":"Chalatenango","ID_2":31,"NAME_2":"El Paraíso","TYPE_2":"Municipio","ENGTYPE_2":"Municipality","NL_NAME_2":"NA","VARNAME_2":"NA"}},
{"type":"Feature","geometry":null,"properties":{"OBJECTID":32,"ID_0":70,"ISO":"SLV","NAME_0":"El Salvador","ID_1":3,"NAME_1":"Chalatenango","ID_2":32,"NAME_2":"Embalse Cerron Grande","TYPE_2":"Water body","ENGTYPE_2":"Water body","NL_NAME_2":"NA","VARNAME_2":"NA"}},
{"type":"Feature","geometry":null,"properties":{"OBJECTID":33,"ID_0":70,"ISO":"SLV","NAME_0":"El Salvador","ID_1":3,"NAME_1":"Chalatenango","ID_2":33,"NAME_2":"La Laguna","TYPE_2":"Municipio","ENGTYPE_2":"Municipality","NL_NAME_2":"NA","VARNAME_2":"NA"}},
{"type":"Feature","geometry":null,"properties":{"OBJECTID":34,"ID_0":70,"ISO":"SLV","NAME_0":"El Salvador","ID_1":3,"NAME_1":"Chalatenango","ID_2":34,"NAME_2":"La Palma","TYPE_2":"Municipio","ENGTYPE_2":"Municipality","NL_NAME_2":"NA","VARNAME_2":"NA"}},
{"type":"Feature","geometry":null,"properties":{"OBJECTID":35,"ID_0":70,"ISO":"SLV","NAME_0":"El Salvador","ID_1":3,"NAME_1":"Chalatenango","ID_2":35,"NAME_2":"La Reina","TYPE_2":"Municipio","ENGTYPE_2":"Municipality","NL_NAME_2":"NA","VARNAME_2":"NA"}},
{"type":"Feature","geometry":null,"properties":{"OBJECTID":36,"ID_0":70,"ISO":"SLV","NAME_0":"El Salvador","ID_1":3,"NAME_1":"Chalatenango","ID_2":36,"NAME_2":"Las Vueltas","TYPE_2":"Municipio","ENGTYPE_2":"Municipality","NL_NAME_2":"NA","VARNAME_2":"NA"}},
{"type":"Feature","geometry":null,"properties":{"OBJECTID":37,"ID_0":70,"ISO":"SLV","NAME_0":"El Salvador","ID_1":3,"NAME_1":"Chalatenango","ID_2":37,"NAME_2":"Nombre de Jesús","TYPE_2":"Municipio","ENGTYPE_2":"Municipality","NL_NAME_2":"NA","VARNAME_2":"NA"}},
{"type":"Feature","geometry":null,"properties":{"OBJECTID":38,"ID_0":70,"ISO":"SLV","NAME_0":"El Salvador","ID_1":3,"NAME_1":"Chalatenango","ID_2":38,"NAME_2":"Nueva Concepción","TYPE_2":"Municipio","ENGTYPE_2":"Municipality","NL_NAME_2":"NA","VARNAME_2":"NA"}},
{"type":"Feature","geometry":null,"properties":{"OBJECTID":39,"ID_0":70,"ISO":"SLV","NAME_0":"El Salvador","ID_1":3,"NAME_1":"Chalatenango","ID_2":39,"NAME_2":"Nueva Trinidad","TYPE_2":"Municipio","ENGTYPE_2":"Municipality","NL_NAME_2":"NA","VARNAME_2":"NA"}},
{"type":"Feature","geometry":null,"properties":{"OBJECTID":40,"ID_0":70,"ISO":"SLV","NAME_0":"El Salvador","ID_1":3,"NAME_1":"Chalatenango","ID_2":40,"NAME_2":"Ojos de Agua","TYPE_2":"Municipio","ENGTYPE_2":"Municipality","NL_NAME_2":"NA","VARNAME_2":"NA"}},
{"type":"Feature","geometry":null,"properties":{"OBJECTID":41,"ID_0":70,"ISO":"SLV","NAME_0":"El Salvador","ID_1":3,"NAME_1":"Chalatenango","ID_2":41,"NAME_2":"Potonico","TYPE_2":"Municipio","ENGTYPE_2":"Municipality","NL_NAME_2":"NA","VARNAME_2":"NA"}},
{"type":"Feature","geometry":null,"properties":{"OBJECTID":42,"ID_0":70,"ISO":"SLV","NAME_0":"El Salvador","ID_1":3,"NAME_1":"Chalatenango","ID_2":42,"NAME_2":"San Antonio de la Cruz","TYPE_2":"Municipio","ENGTYPE_2":"Municipality","NL_NAME_2":"NA","VARNAME_2":"NA"}},
{"type":"Feature","geometry":null,"properties":{"OBJECTID":43,"ID_0":70,"ISO":"SLV","NAME_0":"El Salvador","ID_1":3,"NAME_1":"Chalatenango","ID_2":43,"NAME_2":"San Antonio Los Ranchos","TYPE_2":"Municipio","ENGTYPE_2":"Municipality","NL_NAME_2":"NA","VARNAME_2":"NA"}},
{"type":"Feature","geometry":null,"properties":{"OBJECTID":44,"ID_0":70,"ISO":"SLV","NAME_0":"El Salvador","ID_1":3,"NAME_1":"Chalatenango","ID_2":44,"NAME_2":"San Fernando","TYPE_2":"Municipio","ENGTYPE_2":"Municipality","NL_NAME_2":"NA","VARNAME_2":"NA"}},
{"type":"Feature","geometry":null,"properties":{"OBJECTID":45,"ID_0":70,"ISO":"SLV","NAME_0":"El Salvador","ID_1":3,"NAME_1":"Chalatenango","ID_2":45,"NAME_2":"San Francisco Lempa","TYPE_2":"Municipio","ENGTYPE_2":"Municipality","NL_NAME_2":"NA","VARNAME_2":"NA"}},
{"type":"Feature","geometry":null,"properties":{"OBJECTID":46,"ID_0":70,"ISO":"SLV","NAME_0":"El Salvador","ID_1":3,"NAME_1":"Chalatenango","ID_2":46,"NAME_2":"San Francisco Morazán","TYPE_2":"Municipio","ENGTYPE_2":"Municipality","NL_NAME_2":"NA","VARNAME_2":"NA"}},
{"type":"Feature","geometry":null,"properties":{"OBJECTID":47,"ID_0":70,"ISO":"SLV","NAME_0":"El Salvador","ID_1":3,"NAME_1":"Chalatenango","ID_2":47,"NAME_2":"San Ignacio","TYPE_2":"Municipio","ENGTYPE_2":"Municipality","NL_NAME_2":"NA","VARNAME_2":"NA"}},
{"type":"Feature","geometry":null,"properties":{"OBJECTID":48,"ID_0":70,"ISO":"SLV","NAME_0":"El Salvador","ID_1":3,"NAME_1":"Chalatenango","ID_2":48,"NAME_2":"San Isidro Labrador","TYPE_2":"Municipio","ENGTYPE_2":"Municipality","NL_NAME_2":"NA","VARNAME_2":"NA"}},
{"type":"Feature","geometry":null,"properties":{"OBJECTID":49,"ID_0":70,"ISO":"SLV","NAME_0":"El Salvador","ID_1":3,"NAME_1":"Chalatenango","ID_2":49,"NAME_2":"San José Cancasque","TYPE_2":"Municipio","ENGTYPE_2":"Municipality","NL_NAME_2":"NA","VARNAME_2":"NA"}},
{"type":"Feature","geometry":null,"properties":{"OBJECTID":50,"ID_0":70,"ISO":"SLV","NAME_0":"El Salvador","ID_1":3,"NAME_1":"Chalatenango","ID_2":50,"NAME_2":"San José Las Flores","TYPE_2":"Municipio","ENGTYPE_2":"Municipality","NL_NAME_2":"NA","VARNAME_2":"NA"}},
{"type":"Feature","geometry":null,"properties":{"OBJECTID":51,"ID_0":70,"ISO":"SLV","NAME_0":"El Salvador","ID_1":3,"NAME_1":"Chalatenango","ID_2":51,"NAME_2":"San Luis del Carmen","TYPE_2":"Municipio","ENGTYPE_2":"Municipality","NL_NAME_2":"NA","VARNAME_2":"NA"}},
{"type":"Feature","geometry":null,"properties":{"OBJECTID":52,"ID_0":70,"ISO":"SLV","NAME_0":"El Salvador","ID_1":3,"NAME_1":"Chalatenango","ID_2":52,"NAME_2":"San Miguel de Mercedes","TYPE_2":"Municipio","ENGTYPE_2":"Municipality","NL_NAME_2":"NA","VARNAME_2":"NA"}},
{"type":"Feature","geometry":null,"properties":{"OBJECTID":53,"ID_0":70,"ISO":"SLV","NAME_0":"El Salvador","ID_1":3,"NAME_1":"Chalatenango","ID_2":53,"NAME_2":"San Rafael","TYPE_2":"Municipio","ENGTYPE_2":"Municipality","NL_NAME_2":"NA","VARNAME_2":"NA"}},
{"type":"Feature","geometry":null,"properties":{"OBJECTID":54,"ID_0":70,"ISO":"SLV","NAME_0":"El Salvador","ID_1":3,"NAME_1":"Chalatenango","ID_2":54,"NAME_2":"Santa Rita","TYPE_2":"Municipio","ENGTYPE_2":"Municipality","NL_NAME_2":"NA","VARNAME_2":"NA"}},
{"type":"Feature","geometry":null,"properties":{"OBJECTID":55,"ID_0":70,"ISO":"SLV","NAME_0":"El Salvador","ID_1":3,"NAME_1":"Chalatenango","ID_2":55,"NAME_2":"Tejutla","TYPE_2":"Municipio","ENGTYPE_2":"Municipality","NL_NAME_2":"NA","VARNAME_2":"NA"}},
{"type":"Feature","geometry":null,"properties":{"OBJECTID":56,"ID_0":70,"ISO":"SLV","NAME_0":"El Salvador","ID_1":4,"NAME_1":"Cuscatlán","ID_2":56,"NAME_2":"Candelaria","TYPE_2":"Municipio","ENGTYPE_2":"Municipality","NL_NAME_2":"NA","VARNAME_2":"NA"}},
{"type":"Feature","geometry":null,"properties":{"OBJECTID":57,"ID_0":70,"ISO":"SLV","NAME_0":"El Salvador","ID_1":4,"NAME_1":"Cuscatlán","ID_2":57,"NAME_2":"Cojutepeque","TYPE_2":"Municipio","ENGTYPE_2":"Municipality","NL_NAME_2":"NA","VARNAME_2":"NA"}},
{"type":"Feature","geometry":null,"properties":{"OBJECTID":58,"ID_0":70,"ISO":"SLV","NAME_0":"El Salvador","ID_1":4,"NAME_1":"Cuscatlán","ID_2":58,"NAME_2":"El Carmen","TYPE_2":"Municipio","ENGTYPE_2":"Municipality","NL_NAME_2":"NA","VARNAME_2":"NA"}},
{"type":"Feature","geometry":null,"properties":{"OBJECTID":59,"ID_0":70,"ISO":"SLV","NAME_0":"El Salvador","ID_1":4,"NAME_1":"Cuscatlán","ID_2":59,"NAME_2":"El Rosario","TYPE_2":"Municipio","ENGTYPE_2":"Municipality","NL_NAME_2":"NA","VARNAME_2":"NA"}},
{"type":"Feature","geometry":null,"properties":{"OBJECTID":60,"ID_0":70,"ISO":"SLV","NAME_0":"El Salvador","ID_1":4,"NAME_1":"Cuscatlán","ID_2":60,"NAME_2":"Monte San Juan","TYPE_2":"Municipio","ENGTYPE_2":"Municipality","NL_NAME_2":"NA","VARNAME_2":"NA"}},
{"type":"Feature","geometry":null,"properties":{"OBJECTID":61,"ID_0":70,"ISO":"SLV","NAME_0":"El Salvador","ID_1":4,"NAME_1":"Cuscatlán","ID_2":61,"NAME_2":"Oratorio de Concepción","TYPE_2":"Municipio","ENGTYPE_2":"Municipality","NL_NAME_2":"NA","VARNAME_2":"NA"}},
{"type":"Feature","geometry":null,"properties":{"OBJECTID":62,"ID_0":70,"ISO":"SLV","NAME_0":"El Salvador","ID_1":4,"NAME_1":"Cuscatlán","ID_2":62,"NAME_2":"San Bartolomé Perulapía","TYPE_2":"Municipio","ENGTYPE_2":"Municipality","NL_NAME_2":"NA","VARNAME_2":"NA"}},
{"type":"Feature","geometry":null,"properties":{"OBJECTID":63,"ID_0":70,"ISO":"SLV","NAME_0":"El Salvador","ID_1":4,"NAME_1":"Cuscatlán","ID_2":63,"NAME_2":"San Cristóbal","TYPE_2":"Municipio","ENGTYPE_2":"Municipality","NL_NAME_2":"NA","VARNAME_2":"NA"}},
{"type":"Feature","geometry":null,"properties":{"OBJECTID":64,"ID_0":70,"ISO":"SLV","NAME_0":"El Salvador","ID_1":4,"NAME_1":"Cuscatlán","ID_2":64,"NAME_2":"San José Guayabal","TYPE_2":"Municipio","ENGTYPE_2":"Municipality","NL_NAME_2":"NA","VARNAME_2":"NA"}},
{"type":"Feature","geometry":null,"properties":{"OBJECTID":65,"ID_0":70,"ISO":"SLV","NAME_0":"El Salvador","ID_1":4,"NAME_1":"Cuscatlán","ID_2":65,"NAME_2":"San Pedro Perulapán","TYPE_2":"Municipio","ENGTYPE_2":"Municipality","NL_NAME_2":"NA","VARNAME_2":"NA"}},
{"type":"Feature","geometry":null,"properties":{"OBJECTID":66,"ID_0":70,"ISO":"SLV","NAME_0":"El Salvador","ID_1":4,"NAME_1":"Cuscatlán","ID_2":66,"NAME_2":"San Rafael Cedros","TYPE_2":"Municipio","ENGTYPE_2":"Municipality","NL_NAME_2":"NA","VARNAME_2":"San Rafael Cedro"}},
{"type":"Feature","geometry":null,"properties":{"OBJECTID":67,"ID_0":70,"ISO":"SLV","NAME_0":"El Salvador","ID_1":4,"NAME_1":"Cuscatlán","ID_2":67,"NAME_2":"San Ramón","TYPE_2":"Municipio","ENGTYPE_2":"Municipality","NL_NAME_2":"NA","VARNAME_2":"NA"}},
{"type":"Feature","geometry":null,"properties":{"OBJECTID":68,"ID_0":70,"ISO":"SLV","NAME_0":"El Salvador","ID_1":4,"NAME_1":"Cuscatlán","ID_2":68,"NAME_2":"Santa Cruz Analquito","TYPE_2":"Municipio","ENGTYPE_2":"Municipality","NL_NAME_2":"NA","VARNAME_2":"NA"}},
{"type":"Feature","geometry":null,"properties":{"OBJECTID":69,"ID_0":70,"ISO":"SLV","NAME_0":"El Salvador","ID_1":4,"NAME_1":"Cuscatlán","ID_2":69,"NAME_2":"Santa Cruz Michapa","TYPE_2":"Municipio","ENGTYPE_2":"Municipality","NL_NAME_2":"NA","VARNAME_2":"NA"}},
{"type":"Feature","geometry":null,"properties":{"OBJECTID":70,"ID_0":70,"ISO":"SLV","NAME_0":"El Salvador","ID_1":4,"NAME_1":"Cuscatlán","ID_2":70,"NAME_2":"Suchitoto","TYPE_2":"Municipio","ENGTYPE_2":"Municipality","NL_NAME_2":"NA","VARNAME_2":"NA"}},
{"type":"Feature","geometry":null,"properties":{"OBJECTID":71,"ID_0":70,"ISO":"SLV","NAME_0":"El Salvador","ID_1":4,"NAME_1":"Cuscatlán","ID_2":71,"NAME_2":"Tenancingo","TYPE_2":"Municipio","ENGTYPE_2":"Municipality","NL_NAME_2":"NA","VARNAME_2":"NA"}},
{"type":"Feature","geometry":null,"properties":{"OBJECTID":72,"ID_0":70,"ISO":"SLV","NAME_0":"El Salvador","ID_1":5,"NAME_1":"La Libertad","ID_2":72,"NAME_2":"Antiguo Cuscatlán","TYPE_2":"Municipio","ENGTYPE_2":"Municipality","NL_NAME_2":"NA","VARNAME_2":"NA"}},
{"type":"Feature","geometry":null,"properties":{"OBJECTID":73,"ID_0":70,"ISO":"SLV","NAME_0":"El Salvador","ID_1":5,"NAME_1":"La Libertad","ID_2":73,"NAME_2":"Chiltiupán","TYPE_2":"Municipio","ENGTYPE_2":"Municipality","NL_NAME_2":"NA","VARNAME_2":"NA"}},
{"type":"Feature","geometry":null,"properties":{"OBJECTID":74,"ID_0":70,"ISO":"SLV","NAME_0":"El Salvador","ID_1":5,"NAME_1":"La Libertad","ID_2":74,"NAME_2":"Ciudad Arce","TYPE_2":"Municipio","ENGTYPE_2":"Municipality","NL_NAME_2":"NA","VARNAME_2":"NA"}},
{"type":"Feature","geometry":null,"properties":{"OBJECTID":75,"ID_0":70,"ISO":"SLV","NAME_0":"El Salvador","ID_1":5,"NAME_1":"La Libertad","ID_2":75,"NAME_2":"Colón","TYPE_2":"Municipio","ENGTYPE_2":"Municipality","NL_NAME_2":"NA","VARNAME_2":"NA"}},
{"type":"Feature","geometry":null,"properties":{"OBJECTID":76,"ID_0":70,"ISO":"SLV","NAME_0":"El Salvador","ID_1":5,"NAME_1":"La Libertad","ID_2":76,"NAME_2":"Comasagua","TYPE_2":"Municipio","ENGTYPE_2":"Municipality","NL_NAME_2":"NA","VARNAME_2":"NA"}},
{"type":"Feature","geometry":null,"properties":{"OBJECTID":77,"ID_0":70,"ISO":"SLV","NAME_0":"El Salvador","ID_1":5,"NAME_1":"La Libertad","ID_2":77,"NAME_2":"Huizúcar","TYPE_2":"Municipio","ENGTYPE_2":"Municipality","NL_NAME_2":"NA","VARNAME_2":"NA"}},
{"type":"Feature","geometry":null,"properties":{"OBJECTID":78,"ID_0":70,"ISO":"SLV","NAME_0":"El Salvador","ID_1":5,"NAME_1":"La Libertad","ID_2":78,"NAME_2":"Jayaque","TYPE_2":"Municipio","ENGTYPE_2":"Municipality","NL_NAME_2":"NA","VARNAME_2":"NA"}},
{"type":"Feature","geometry":null,"properties":{"OBJECTID":79,"ID_0":70,"ISO":"SLV","NAME_0":"El Salvador","ID_1":5,"NAME_1":"La Libertad","ID_2":79,"NAME_2":"Jicalapa","TYPE_2":"Municipio","ENGTYPE_2":"Municipality","NL_NAME_2":"NA","VARNAME_2":"NA"}},
{"type":"Feature","geometry":null,"properties":{"OBJECTID":80,"ID_0":70,"ISO":"SLV","NAME_0":"El Salvador","ID_1":5,"NAME_1":"La Libertad","ID_2":80,"NAME_2":"La Libertad","TYPE_2":"Municipio","ENGTYPE_2":"Municipality","NL_NAME_2":"NA","VARNAME_2":"NA"}},
{"type":"Feature","geometry":null,"properties":{"OBJECTID":81,"ID_0":70,"ISO":"SLV","NAME_0":"El Salvador","ID_1":5,"NAME_1":"La Libertad","ID_2":81,"NAME_2":"Nueva San Salvador","TYPE_2":"Municipio","ENGTYPE_2":"Municipality","NL_NAME_2":"NA","VARNAME_2":"NA"}},
{"type":"Feature","geometry":null,"properties":{"OBJECTID":82,"ID_0":70,"ISO":"SLV","NAME_0":"El Salvador","ID_1":5,"NAME_1":"La Libertad","ID_2":82,"NAME_2":"Nuevo Cuscatlán","TYPE_2":"Municipio","ENGTYPE_2":"Municipality","NL_NAME_2":"NA","VARNAME_2":"NA"}},
{"type":"Feature","geometry":null,"properties":{"OBJECTID":83,"ID_0":70,"ISO":"SLV","NAME_0":"El Salvador","ID_1":5,"NAME_1":"La Libertad","ID_2":83,"NAME_2":"Opico","TYPE_2":"Municipio","ENGTYPE_2":"Municipality","NL_NAME_2":"NA","VARNAME_2":"San Juan Opico"}},
{"type":"Feature","geometry":null,"properties":{"OBJECTID":84,"ID_0":70,"ISO":"SLV","NAME_0":"El Salvador","ID_1":5,"NAME_1":"La Libertad","ID_2":84,"NAME_2":"Quezaltepeque","TYPE_2":"Municipio","ENGTYPE_2":"Municipality","NL_NAME_2":"NA","VARNAME_2":"NA"}},
{"type":"Feature","geometry":null,"properties":{"OBJECTID":85,"ID_0":70,"ISO":"SLV","NAME_0":"El Salvador","ID_1":5,"NAME_1":"La Libertad","ID_2":85,"NAME_2":"Sacacoyo","TYPE_2":"Municipio","ENGTYPE_2":"Municipality","NL_NAME_2":"NA","VARNAME_2":"NA"}},
{"type":"Feature","geometry":null,"properties":{"OBJECTID":86,"ID_0":70,"ISO":"SLV","NAME_0":"El Salvador","ID_1":5,"NAME_1":"La Libertad","ID_2":86,"NAME_2":"San José Villanueva","TYPE_2":"Municipio","ENGTYPE_2":"Municipality","NL_NAME_2":"NA","VARNAME_2":"NA"}},
{"type":"Feature","geometry":null,"properties":{"OBJECTID":87,"ID_0":70,"ISO":"SLV","NAME_0":"El Salvador","ID_1":5,"NAME_1":"La Libertad","ID_2":87,"NAME_2":"San Matías","TYPE_2":"Municipio","ENGTYPE_2":"Municipality","NL_NAME_2":"NA","VARNAME_2":"NA"}},
{"type":"Feature","geometry":null,"properties":{"OBJECTID":88,"ID_0":70,"ISO":"SLV","NAME_0":"El Salvador","ID_1":5,"NAME_1":"La Libertad","ID_2":88,"NAME_2":"San Pablo Tacachico","TYPE_2":"Municipio","ENGTYPE_2":"Municipality","NL_NAME_2":"NA","VARNAME_2":"NA"}},
{"type":"Feature","geometry":null,"properties":{"OBJECTID":89,"ID_0":70,"ISO":"SLV","NAME_0":"El Salvador","ID_1":5,"NAME_1":"La Libertad","ID_2":89,"NAME_2":"Talnique","TYPE_2":"Municipio","ENGTYPE_2":"Municipality","NL_NAME_2":"NA","VARNAME_2":"NA"}},
{"type":"Feature","geometry":null,"properties":{"OBJECTID":90,"ID_0":70,"ISO":"SLV","NAME_0":"El Salvador","ID_1":5,"NAME_1":"La Libertad","ID_2":90,"NAME_2":"Tamanique","TYPE_2":"Municipio","ENGTYPE_2":"Municipality","NL_NAME_2":"NA","VARNAME_2":"NA"}},
{"type":"Feature","geometry":null,"properties":{"OBJECTID":91,"ID_0":70,"ISO":"SLV","NAME_0":"El Salvador","ID_1":5,"NAME_1":"La Libertad","ID_2":91,"NAME_2":"Teotepeque","TYPE_2":"Municipio","ENGTYPE_2":"Municipality","NL_NAME_2":"NA","VARNAME_2":"NA"}},
{"type":"Feature","geometry":null,"properties":{"OBJECTID":92,"ID_0":70,"ISO":"SLV","NAME_0":"El Salvador","ID_1":5,"NAME_1":"La Libertad","ID_2":92,"NAME_2":"Tepecoyo","TYPE_2":"Municipio","ENGTYPE_2":"Municipality","NL_NAME_2":"NA","VARNAME_2":"NA"}},
{"type":"Feature","geometry":null,"properties":{"OBJECTID":93,"ID_0":70,"ISO":"SLV","NAME_0":"El Salvador","ID_1":5,"NAME_1":"La Libertad","ID_2":93,"NAME_2":"Zaragoza","TYPE_2":"Municipio","ENGTYPE_2":"Municipality","NL_NAME_2":"NA","VARNAME_2":"NA"}},
{"type":"Feature","geometry":null,"properties":{"OBJECTID":94,"ID_0":70,"ISO":"SLV","NAME_0":"El Salvador","ID_1":6,"NAME_1":"La Paz","ID_2":94,"NAME_2":"Cuyultitán","TYPE_2":"Municipio","ENGTYPE_2":"Municipality","NL_NAME_2":"NA","VARNAME_2":"NA"}},
{"type":"Feature","geometry":null,"properties":{"OBJECTID":95,"ID_0":70,"ISO":"SLV","NAME_0":"El Salvador","ID_1":6,"NAME_1":"La Paz","ID_2":95,"NAME_2":"El Rosario","TYPE_2":"Municipio","ENGTYPE_2":"Municipality","NL_NAME_2":"NA","VARNAME_2":"NA"}},
{"type":"Feature","geometry":null,"properties":{"OBJECTID":96,"ID_0":70,"ISO":"SLV","NAME_0":"El Salvador","ID_1":6,"NAME_1":"La Paz","ID_2":96,"NAME_2":"Jerusalén","TYPE_2":"Municipio","ENGTYPE_2":"Municipality","NL_NAME_2":"NA","VARNAME_2":"NA"}},
{"type":"Feature","geometry":null,"properties":{"OBJECTID":97,"ID_0":70,"ISO":"SLV","NAME_0":"El Salvador","ID_1":6,"NAME_1":"La Paz","ID_2":97,"NAME_2":"Mercedes La Ceiba","TYPE_2":"Municipio","ENGTYPE_2":"Municipality","NL_NAME_2":"NA","VARNAME_2":"Mercedes de Ceiba"}},
{"type":"Feature","geometry":null,"properties":{"OBJECTID":98,"ID_0":70,"ISO":"SLV","NAME_0":"El Salvador","ID_1":6,"NAME_1":"La Paz","ID_2":98,"NAME_2":"Olocuilta","TYPE_2":"Municipio","ENGTYPE_2":"Municipality","NL_NAME_2":"NA","VARNAME_2":"NA"}},
{"type":"Feature","geometry":null,"properties":{"OBJECTID":99,"ID_0":70,"ISO":"SLV","NAME_0":"El Salvador","ID_1":6,"NAME_1":"La Paz","ID_2":99,"NAME_2":"Paraíso de Osorio","TYPE_2":"Municipio","ENGTYPE_2":"Municipality","NL_NAME_2":"NA","VARNAME_2":"NA"}},
{"type":"Feature","geometry":null,"properties":{"OBJECTID":100,"ID_0":70,"ISO":"SLV","NAME_0":"El Salvador","ID_1":6,"NAME_1":"La Paz","ID_2":100,"NAME_2":"San Antonio Masahuat","TYPE_2":"Municipio","ENGTYPE_2":"Municipality","NL_NAME_2":"NA","VARNAME_2":"NA"}},
{"type":"Feature","geometry":null,"properties":{"OBJECTID":101,"ID_0":70,"ISO":"SLV","NAME_0":"El Salvador","ID_1":6,"NAME_1":"La Paz","ID_2":101,"NAME_2":"San Emigdio","TYPE_2":"Municipio","ENGTYPE_2":"Municipality","NL_NAME_2":"NA","VARNAME_2":"NA"}},
{"type":"Feature","geometry":null,"properties":{"OBJECTID":102,"ID_0":70,"ISO":"SLV","NAME_0":"El Salvador","ID_1":6,"NAME_1":"La Paz","ID_2":102,"NAME_2":"San Francisco Chinameca","TYPE_2":"Municipio","ENGTYPE_2":"Municipality","NL_NAME_2":"NA","VARNAME_2":"NA"}},
{"type":"Feature","geometry":null,"properties":{"OBJECTID":103,"ID_0":70,"ISO":"SLV","NAME_0":"El Salvador","ID_1":6,"NAME_1":"La Paz","ID_2":103,"NAME_2":"San Juan Nonualco","TYPE_2":"Municipio","ENGTYPE_2":"Municipality","NL_NAME_2":"NA","VARNAME_2":"NA"}},
{"type":"Feature","geometry":null,"properties":{"OBJECTID":104,"ID_0":70,"ISO":"SLV","NAME_0":"El Salvador","ID_1":6,"NAME_1":"La Paz","ID_2":104,"NAME_2":"San Juan Talpa","TYPE_2":"Municipio","ENGTYPE_2":"Municipality","NL_NAME_2":"NA","VARNAME_2":"NA"}},
{"type":"Feature","geometry":null,"properties":{"OBJECTID":105,"ID_0":70,"ISO":"SLV","NAME_0":"El Salvador","ID_1":6,"NAME_1":"La Paz","ID_2":105,"NAME_2":"San Juan Tepezontes","TYPE_2":"Municipio","ENGTYPE_2":"Municipality","NL_NAME_2":"NA","VARNAME_2":"NA"}},
{"type":"Feature","geometry":null,"properties":{"OBJECTID":106,"ID_0":70,"ISO":"SLV","NAME_0":"El Salvador","ID_1":6,"NAME_1":"La Paz","ID_2":106,"NAME_2":"San Luis La Herradura","TYPE_2":"Municipio","ENGTYPE_2":"Municipality","NL_NAME_2":"NA","VARNAME_2":"San Luis de la Herradura"}},
{"type":"Feature","geometry":null,"properties":{"OBJECTID":107,"ID_0":70,"ISO":"SLV","NAME_0":"El Salvador","ID_1":6,"NAME_1":"La Paz","ID_2":107,"NAME_2":"San Luis Talpa","TYPE_2":"Municipio","ENGTYPE_2":"Municipality","NL_NAME_2":"NA","VARNAME_2":"San Luis"}},
{"type":"Feature","geometry":null,"properties":{"OBJECTID":108,"ID_0":70,"ISO":"SLV","NAME_0":"El Salvador","ID_1":6,"NAME_1":"La Paz","ID_2":108,"NAME_2":"San Miguel Tepezontes","TYPE_2":"Municipio","ENGTYPE_2":"Municipality","NL_NAME_2":"NA","VARNAME_2":"NA"}},
{"type":"Feature","geometry":null,"properties":{"OBJECTID":109,"ID_0":70,"ISO":"SLV","NAME_0":"El Salvador","ID_1":6,"NAME_1":"La Paz","ID_2":109,"NAME_2":"San Pedro Masahuat","TYPE_2":"Municipio","ENGTYPE_2":"Municipality","NL_NAME_2":"NA","VARNAME_2":"NA"}},
{"type":"Feature","geometry":null,"properties":{"OBJECTID":110,"ID_0":70,"ISO":"SLV","NAME_0":"El Salvador","ID_1":6,"NAME_1":"La Paz","ID_2":110,"NAME_2":"San Pedro Nonualco","TYPE_2":"Municipio","ENGTYPE_2":"Municipality","NL_NAME_2":"NA","VARNAME_2":"NA"}},
{"type":"Feature","geometry":null,"properties":{"OBJECTID":111,"ID_0":70,"ISO":"SLV","NAME_0":"El Salvador","ID_1":6,"NAME_1":"La Paz","ID_2":111,"NAME_2":"San Rafael Obrajuelo","TYPE_2":"Municipio","ENGTYPE_2":"Municipality","NL_NAME_2":"NA","VARNAME_2":"NA"}},
{"type":"Feature","geometry":null,"properties":{"OBJECTID":112,"ID_0":70,"ISO":"SLV","NAME_0":"El Salvador","ID_1":6,"NAME_1":"La Paz","ID_2":112,"NAME_2":"Santa María Ostuma","TYPE_2":"Municipio","ENGTYPE_2":"Municipality","NL_NAME_2":"NA","VARNAME_2":"NA"}},
{"type":"Feature","geometry":null,"properties":{"OBJECTID":113,"ID_0":70,"ISO":"SLV","NAME_0":"El Salvador","ID_1":6,"NAME_1":"La Paz","ID_2":113,"NAME_2":"Santiago Nonualco","TYPE_2":"Municipio","ENGTYPE_2":"Municipality","NL_NAME_2":"NA","VARNAME_2":"NA"}},
{"type":"Feature","geometry":null,"properties":{"OBJECTID":114,"ID_0":70,"ISO":"SLV","NAME_0":"El Salvador","ID_1":6,"NAME_1":"La Paz","ID_2":114,"NAME_2":"Tapalhuaca","TYPE_2":"Municipio","ENGTYPE_2":"Municipality","NL_NAME_2":"NA","VARNAME_2":"NA"}},
{"type":"Feature","geometry":null,"properties":{"OBJECTID":115,"ID_0":70,"ISO":"SLV","NAME_0":"El Salvador","ID_1":6,"NAME_1":"La Paz","ID_2":115,"NAME_2":"Zacatecoluca","TYPE_2":"Municipio","ENGTYPE_2":"Municipality","NL_NAME_2":"NA","VARNAME_2":"NA"}},
{"type":"Feature","geometry":null,"properties":{"OBJECTID":116,"ID_0":70,"ISO":"SLV","NAME_0":"El Salvador","ID_1":7,"NAME_1":"La Unión","ID_2":116,"NAME_2":"Anamorós","TYPE_2":"Municipio","ENGTYPE_2":"Municipality","NL_NAME_2":"NA","VARNAME_2":"NA"}},
{"type":"Feature","geometry":null,"properties":{"OBJECTID":117,"ID_0":70,"ISO":"SLV","NAME_0":"El Salvador","ID_1":7,"NAME_1":"La Unión","ID_2":117,"NAME_2":"Bolívar","TYPE_2":"Municipio","ENGTYPE_2":"Municipality","NL_NAME_2":"NA","VARNAME_2":"NA"}},
{"type":"Feature","geometry":null,"properties":{"OBJECTID":118,"ID_0":70,"ISO":"SLV","NAME_0":"El Salvador","ID_1":7,"NAME_1":"La Unión","ID_2":118,"NAME_2":"Concepción de Oriente","TYPE_2":"Municipio","ENGTYPE_2":"Municipality","NL_NAME_2":"NA","VARNAME_2":"NA"}},
{"type":"Feature","geometry":null,"properties":{"OBJECTID":119,"ID_0":70,"ISO":"SLV","NAME_0":"El Salvador","ID_1":7,"NAME_1":"La Unión","ID_2":119,"NAME_2":"Conchagua","TYPE_2":"Municipio","ENGTYPE_2":"Municipality","NL_NAME_2":"NA","VARNAME_2":"NA"}},
{"type":"Feature","geometry":null,"properties":{"OBJECTID":120,"ID_0":70,"ISO":"SLV","NAME_0":"El Salvador","ID_1":7,"NAME_1":"La Unión","ID_2":120,"NAME_2":"El Carmen","TYPE_2":"Municipio","ENGTYPE_2":"Municipality","NL_NAME_2":"NA","VARNAME_2":"NA"}},
{"type":"Feature","geometry":null,"properties":{"OBJECTID":121,"ID_0":70,"ISO":"SLV","NAME_0":"El Salvador","ID_1":7,"NAME_1":"La Unión","ID_2":121,"NAME_2":"El Sauce","TYPE_2":"Municipio","ENGTYPE_2":"Municipality","NL_NAME_2":"NA","VARNAME_2":"NA"}},
{"type":"Feature","geometry":null,"properties":{"OBJECTID":122,"ID_0":70,"ISO":"SLV","NAME_0":"El Salvador","ID_1":7,"NAME_1":"La Unión","ID_2":122,"NAME_2":"Intipucá","TYPE_2":"Municipio","ENGTYPE_2":"Municipality","NL_NAME_2":"NA","VARNAME_2":"NA"}},
{"type":"Feature","geometry":null,"properties":{"OBJECTID":123,"ID_0":70,"ISO":"SLV","NAME_0":"El Salvador","ID_1":7,"NAME_1":"La Unión","ID_2":123,"NAME_2":"La Unión","TYPE_2":"Municipio","ENGTYPE_2":"Municipality","NL_NAME_2":"NA","VARNAME_2":"NA"}},
{"type":"Feature","geometry":null,"properties":{"OBJECTID":124,"ID_0":70,"ISO":"SLV","NAME_0":"El Salvador","ID_1":7,"NAME_1":"La Unión","ID_2":124,"NAME_2":"Lislique","TYPE_2":"Municipio","ENGTYPE_2":"Municipality","NL_NAME_2":"NA","VARNAME_2":"NA"}},
{"type":"Feature","geometry":null,"properties":{"OBJECTID":125,"ID_0":70,"ISO":"SLV","NAME_0":"El Salvador","ID_1":7,"NAME_1":"La Unión","ID_2":125,"NAME_2":"Nueva Esparta","TYPE_2":"Municipio","ENGTYPE_2":"Municipality","NL_NAME_2":"NA","VARNAME_2":"NA"}},
{"type":"Feature","geometry":null,"properties":{"OBJECTID":126,"ID_0":70,"ISO":"SLV","NAME_0":"El Salvador","ID_1":7,"NAME_1":"La Unión","ID_2":126,"NAME_2":"Pasaquina","TYPE_2":"Municipio","ENGTYPE_2":"Municipality","NL_NAME_2":"NA","VARNAME_2":"NA"}},
{"type":"Feature","geometry":null,"properties":{"OBJECTID":127,"ID_0":70,"ISO":"SLV","NAME_0":"El Salvador","ID_1":7,"NAME_1":"La Unión","ID_2":127,"NAME_2":"Polorós","TYPE_2":"Municipio","ENGTYPE_2":"Municipality","NL_NAME_2":"NA","VARNAME_2":"NA"}},
{"type":"Feature","geometry":null,"properties":{"OBJECTID":128,"ID_0":70,"ISO":"SLV","NAME_0":"El Salvador","ID_1":7,"NAME_1":"La Unión","ID_2":128,"NAME_2":"San Alejo","TYPE_2":"Municipio","ENGTYPE_2":"Municipality","NL_NAME_2":"NA","VARNAME_2":"NA"}},
{"type":"Feature","geometry":null,"properties":{"OBJECTID":129,"ID_0":70,"ISO":"SLV","NAME_0":"El Salvador","ID_1":7,"NAME_1":"La Unión","ID_2":129,"NAME_2":"San José","TYPE_2":"Municipio","ENGTYPE_2":"Municipality","NL_NAME_2":"NA","VARNAME_2":"NA"}},
{"type":"Feature","geometry":null,"properties":{"OBJECTID":130,"ID_0":70,"ISO":"SLV","NAME_0":"El Salvador","ID_1":7,"NAME_1":"La Unión","ID_2":130,"NAME_2":"Santa Rosa de Lima","TYPE_2":"Municipio","ENGTYPE_2":"Municipality","NL_NAME_2":"NA","VARNAME_2":"NA"}},
{"type":"Feature","geometry":null,"properties":{"OBJECTID":131,"ID_0":70,"ISO":"SLV","NAME_0":"El Salvador","ID_1":7,"NAME_1":"La Unión","ID_2":131,"NAME_2":"Yayantique","TYPE_2":"Municipio","ENGTYPE_2":"Municipality","NL_NAME_2":"NA","VARNAME_2":"NA"}},
{"type":"Feature","geometry":null,"properties":{"OBJECTID":132,"ID_0":70,"ISO":"SLV","NAME_0":"El Salvador","ID_1":7,"NAME_1":"La Unión","ID_2":132,"NAME_2":"Yucuaiquín","TYPE_2":"Municipio","ENGTYPE_2":"Municipality","NL_NAME_2":"NA","VARNAME_2":"NA"}},
{"type":"Feature","geometry":null,"properties":{"OBJECTID":133,"ID_0":70,"ISO":"SLV","NAME_0":"El Salvador","ID_1":8,"NAME_1":"Morazán","ID_2":133,"NAME_2":"Arambala","TYPE_2":"Municipio","ENGTYPE_2":"Municipality","NL_NAME_2":"NA","VARNAME_2":"NA"}},
{"type":"Feature","geometry":null,"properties":{"OBJECTID":134,"ID_0":70,"ISO":"SLV","NAME_0":"El Salvador","ID_1":8,"NAME_1":"Morazán","ID_2":134,"NAME_2":"Cacaopera","TYPE_2":"Municipio","ENGTYPE_2":"Municipality","NL_NAME_2":"NA","VARNAME_2":"NA"}},
{"type":"Feature","geometry":null,"properties":{"OBJECTID":135,"ID_0":70,"ISO":"SLV","NAME_0":"El Salvador","ID_1":8,"NAME_1":"Morazán","ID_2":135,"NAME_2":"Chilanga","TYPE_2":"Municipio","ENGTYPE_2":"Municipality","NL_NAME_2":"NA","VARNAME_2":"NA"}},
{"type":"Feature","geometry":null,"properties":{"OBJECTID":136,"ID_0":70,"ISO":"SLV","NAME_0":"El Salvador","ID_1":8,"NAME_1":"Morazán","ID_2":136,"NAME_2":"Corinto","TYPE_2":"Municipio","ENGTYPE_2":"Municipality","NL_NAME_2":"NA","VARNAME_2":"NA"}},
{"type":"Feature","geometry":null,"properties":{"OBJECTID":137,"ID_0":70,"ISO":"SLV","NAME_0":"El Salvador","ID_1":8,"NAME_1":"Morazán","ID_2":137,"NAME_2":"Delicias de Concepción","TYPE_2":"Municipio","ENGTYPE_2":"Municipality","NL_NAME_2":"NA","VARNAME_2":"NA"}},
{"type":"Feature","geometry":null,"properties":{"OBJECTID":138,"ID_0":70,"ISO":"SLV","NAME_0":"El Salvador","ID_1":8,"NAME_1":"Morazán","ID_2":138,"NAME_2":"El Divisadero","TYPE_2":"Municipio","ENGTYPE_2":"Municipality","NL_NAME_2":"NA","VARNAME_2":"NA"}},
{"type":"Feature","geometry":null,"properties":{"OBJECTID":139,"ID_0":70,"ISO":"SLV","NAME_0":"El Salvador","ID_1":8,"NAME_1":"Morazán","ID_2":139,"NAME_2":"El Rosario","TYPE_2":"Municipio","ENGTYPE_2":"Municipality","NL_NAME_2":"NA","VARNAME_2":"NA"}},
{"type":"Feature","geometry":null,"properties":{"OBJECTID":140,"ID_0":70,"ISO":"SLV","NAME_0":"El Salvador","ID_1":8,"NAME_1":"Morazán","ID_2":140,"NAME_2":"Gualococti","TYPE_2":"Municipio","ENGTYPE_2":"Municipality","NL_NAME_2":"NA","VARNAME_2":"NA"}},
{"type":"Feature","geometry":null,"properties":{"OBJECTID":141,"ID_0":70,"ISO":"SLV","NAME_0":"El Salvador","ID_1":8,"NAME_1":"Morazán","ID_2":141,"NAME_2":"Guatajiagua","TYPE_2":"Municipio","ENGTYPE_2":"Municipality","NL_NAME_2":"NA","VARNAME_2":"NA"}},
{"type":"Feature","geometry":null,"properties":{"OBJECTID":142,"ID_0":70,"ISO":"SLV","NAME_0":"El Salvador","ID_1":8,"NAME_1":"Morazán","ID_2":142,"NAME_2":"Joateca","TYPE_2":"Municipio","ENGTYPE_2":"Municipality","NL_NAME_2":"NA","VARNAME_2":"NA"}},
{"type":"Feature","geometry":null,"properties":{"OBJECTID":143,"ID_0":70,"ISO":"SLV","NAME_0":"El Salvador","ID_1":8,"NAME_1":"Morazán","ID_2":143,"NAME_2":"Jocoaitique","TYPE_2":"Municipio","ENGTYPE_2":"Municipality","NL_NAME_2":"NA","VARNAME_2":"NA"}},
{"type":"Feature","geometry":null,"properties":{"OBJECTID":144,"ID_0":70,"ISO":"SLV","NAME_0":"El Salvador","ID_1":8,"NAME_1":"Morazán","ID_2":144,"NAME_2":"Jocoro","TYPE_2":"Municipio","ENGTYPE_2":"Municipality","NL_NAME_2":"NA","VARNAME_2":"NA"}},
{"type":"Feature","geometry":null,"properties":{"OBJECTID":145,"ID_0":70,"ISO":"SLV","NAME_0":"El Salvador","ID_1":8,"NAME_1":"Morazán","ID_2":145,"NAME_2":"Lolotiquillo","TYPE_2":"Municipio","ENGTYPE_2":"Municipality","NL_NAME_2":"NA","VARNAME_2":"NA"}},
{"type":"Feature","geometry":null,"properties":{"OBJECTID":146,"ID_0":70,"ISO":"SLV","NAME_0":"El Salvador","ID_1":8,"NAME_1":"Morazán","ID_2":146,"NAME_2":"Meanguera","TYPE_2":"Municipio","ENGTYPE_2":"Municipality","NL_NAME_2":"NA","VARNAME_2":"NA"}},
{"type":"Feature","geometry":null,"properties":{"OBJECTID":147,"ID_0":70,"ISO":"SLV","NAME_0":"El Salvador","ID_1":8,"NAME_1":"Morazán","ID_2":147,"NAME_2":"Osicala","TYPE_2":"Municipio","ENGTYPE_2":"Municipality","NL_NAME_2":"NA","VARNAME_2":"NA"}},
{"type":"Feature","geometry":null,"properties":{"OBJECTID":148,"ID_0":70,"ISO":"SLV","NAME_0":"El Salvador","ID_1":8,"NAME_1":"Morazán","ID_2":148,"NAME_2":"Perquín","TYPE_2":"Municipio","ENGTYPE_2":"Municipality","NL_NAME_2":"NA","VARNAME_2":"NA"}},
{"type":"Feature","geometry":null,"properties":{"OBJECTID":149,"ID_0":70,"ISO":"SLV","NAME_0":"El Salvador","ID_1":8,"NAME_1":"Morazán","ID_2":149,"NAME_2":"San Carlos","TYPE_2":"Municipio","ENGTYPE_2":"Municipality","NL_NAME_2":"NA","VARNAME_2":"NA"}},
{"type":"Feature","geometry":null,"properties":{"OBJECTID":150,"ID_0":70,"ISO":"SLV","NAME_0":"El Salvador","ID_1":8,"NAME_1":"Morazán","ID_2":150,"NAME_2":"San Fernando","TYPE_2":"Municipio","ENGTYPE_2":"Municipality","NL_NAME_2":"NA","VARNAME_2":"NA"}},
{"type":"Feature","geometry":null,"properties":{"OBJECTID":151,"ID_0":70,"ISO":"SLV","NAME_0":"El Salvador","ID_1":8,"NAME_1":"Morazán","ID_2":151,"NAME_2":"San Francisco Gotera","TYPE_2":"Municipio","ENGTYPE_2":"Municipality","NL_NAME_2":"NA","VARNAME_2":"San Francisco"}},
{"type":"Feature","geometry":null,"properties":{"OBJECTID":152,"ID_0":70,"ISO":"SLV","NAME_0":"El Salvador","ID_1":8,"NAME_1":"Morazán","ID_2":152,"NAME_2":"San Isidro","TYPE_2":"Municipio","ENGTYPE_2":"Municipality","NL_NAME_2":"NA","VARNAME_2":"NA"}},
{"type":"Feature","geometry":null,"properties":{"OBJECTID":153,"ID_0":70,"ISO":"SLV","NAME_0":"El Salvador","ID_1":8,"NAME_1":"Morazán","ID_2":153,"NAME_2":"San Simón","TYPE_2":"Municipio","ENGTYPE_2":"Municipality","NL_NAME_2":"NA","VARNAME_2":"NA"}},
{"type":"Feature","geometry":null,"properties":{"OBJECTID":154,"ID_0":70,"ISO":"SLV","NAME_0":"El Salvador","ID_1":8,"NAME_1":"Morazán","ID_2":154,"NAME_2":"Sensembra","TYPE_2":"Municipio","ENGTYPE_2":"Municipality","NL_NAME_2":"NA","VARNAME_2":"NA"}},
{"type":"Feature","geometry":null,"properties":{"OBJECTID":155,"ID_0":70,"ISO":"SLV","NAME_0":"El Salvador","ID_1":8,"NAME_1":"Morazán","ID_2":155,"NAME_2":"Sociedad","TYPE_2":"Municipio","ENGTYPE_2":"Municipality","NL_NAME_2":"NA","VARNAME_2":"NA"}},
{"type":"Feature","geometry":null,"properties":{"OBJECTID":156,"ID_0":70,"ISO":"SLV","NAME_0":"El Salvador","ID_1":8,"NAME_1":"Morazán","ID_2":156,"NAME_2":"Torola","TYPE_2":"Municipio","ENGTYPE_2":"Municipality","NL_NAME_2":"NA","VARNAME_2":"NA"}},
{"type":"Feature","geometry":null,"properties":{"OBJECTID":157,"ID_0":70,"ISO":"SLV","NAME_0":"El Salvador","ID_1":8,"NAME_1":"Morazán","ID_2":157,"NAME_2":"Yamabal","TYPE_2":"Municipio","ENGTYPE_2":"Municipality","NL_NAME_2":"NA","VARNAME_2":"NA"}},
{"type":"Feature","geometry":null,"properties":{"OBJECTID":158,"ID_0":70,"ISO":"SLV","NAME_0":"El Salvador","ID_1":8,"NAME_1":"Morazán","ID_2":158,"NAME_2":"Yoloaiquín","TYPE_2":"Municipio","ENGTYPE_2":"Municipality","NL_NAME_2":"NA","VARNAME_2":"NA"}},
{"type":"Feature","geometry":null,"properties":{"OBJECTID":159,"ID_0":70,"ISO":"SLV","NAME_0":"El Salvador","ID_1":9,"NAME_1":"San Miguel","ID_2":159,"NAME_2":"Carolina","TYPE_2":"Municipio","ENGTYPE_2":"Municipality","NL_NAME_2":"NA","VARNAME_2":"NA"}},
{"type":"Feature","geometry":null,"properties":{"OBJECTID":160,"ID_0":70,"ISO":"SLV","NAME_0":"El Salvador","ID_1":9,"NAME_1":"San Miguel","ID_2":160,"NAME_2":"Chapeltique","TYPE_2":"Municipio","ENGTYPE_2":"Municipality","NL_NAME_2":"NA","VARNAME_2":"NA"}},
{"type":"Feature","geometry":null,"properties":{"OBJECTID":161,"ID_0":70,"ISO":"SLV","NAME_0":"El Salvador","ID_1":9,"NAME_1":"San Miguel","ID_2":161,"NAME_2":"Chinameca","TYPE_2":"Municipio","ENGTYPE_2":"Municipality","NL_NAME_2":"NA","VARNAME_2":"NA"}},
{"type":"Feature","geometry":null,"properties":{"OBJECTID":162,"ID_0":70,"ISO":"SLV","NAME_0":"El Salvador","ID_1":9,"NAME_1":"San Miguel","ID_2":162,"NAME_2":"Chirilagua","TYPE_2":"Municipio","ENGTYPE_2":"Municipality","NL_NAME_2":"NA","VARNAME_2":"NA"}},
{"type":"Feature","geometry":null,"properties":{"OBJECTID":163,"ID_0":70,"ISO":"SLV","NAME_0":"El Salvador","ID_1":9,"NAME_1":"San Miguel","ID_2":163,"NAME_2":"Ciudad Barrios","TYPE_2":"Municipio","ENGTYPE_2":"Municipality","NL_NAME_2":"NA","VARNAME_2":"NA"}},
{"type":"Feature","geometry":null,"properties":{"OBJECTID":164,"ID_0":70,"ISO":"SLV","NAME_0":"El Salvador","ID_1":9,"NAME_1":"San Miguel","ID_2":164,"NAME_2":"Comacarán","TYPE_2":"Municipio","ENGTYPE_2":"Municipality","NL_NAME_2":"NA","VARNAME_2":"NA"}},
{"type":"Feature","geometry":null,"properties":{"OBJECTID":165,"ID_0":70,"ISO":"SLV","NAME_0":"El Salvador","ID_1":9,"NAME_1":"San Miguel","ID_2":165,"NAME_2":"El Tránsito","TYPE_2":"Municipio","ENGTYPE_2":"Municipality","NL_NAME_2":"NA","VARNAME_2":"NA"}},
{"type":"Feature","geometry":null,"properties":{"OBJECTID":166,"ID_0":70,"ISO":"SLV","NAME_0":"El Salvador","ID_1":9,"NAME_1":"San Miguel","ID_2":166,"NAME_2":"Lolotique","TYPE_2":"Municipio","ENGTYPE_2":"Municipality","NL_NAME_2":"NA","VARNAME_2":"NA"}},
{"type":"Feature","geometry":null,"properties":{"OBJECTID":167,"ID_0":70,"ISO":"SLV","NAME_0":"El Salvador","ID_1":9,"NAME_1":"San Miguel","ID_2":167,"NAME_2":"Moncagua","TYPE_2":"Municipio","ENGTYPE_2":"Municipality","NL_NAME_2":"NA","VARNAME_2":"NA"}},
{"type":"Feature","geometry":null,"properties":{"OBJECTID":168,"ID_0":70,"ISO":"SLV","NAME_0":"El Salvador","ID_1":9,"NAME_1":"San Miguel","ID_2":168,"NAME_2":"Nueva Guadalupe","TYPE_2":"Municipio","ENGTYPE_2":"Municipality","NL_NAME_2":"NA","VARNAME_2":"NA"}},
{"type":"Feature","geometry":null,"properties":{"OBJECTID":169,"ID_0":70,"ISO":"SLV","NAME_0":"El Salvador","ID_1":9,"NAME_1":"San Miguel","ID_2":169,"NAME_2":"Nuevo Edén de San Juan","TYPE_2":"Municipio","ENGTYPE_2":"Municipality","NL_NAME_2":"NA","VARNAME_2":"NA"}},
{"type":"Feature","geometry":null,"properties":{"OBJECTID":170,"ID_0":70,"ISO":"SLV","NAME_0":"El Salvador","ID_1":9,"NAME_1":"San Miguel","ID_2":170,"NAME_2":"Quelepa","TYPE_2":"Municipio","ENGTYPE_2":"Municipality","NL_NAME_2":"NA","VARNAME_2":"NA"}},
{"type":"Feature","geometry":null,"properties":{"OBJECTID":171,"ID_0":70,"ISO":"SLV","NAME_0":"El Salvador","ID_1":9,"NAME_1":"San Miguel","ID_2":171,"NAME_2":"San Antonio","TYPE_2":"Municipio","ENGTYPE_2":"Municipality","NL_NAME_2":"NA","VARNAME_2":"NA"}},
{"type":"Feature","geometry":null,"properties":{"OBJECTID":172,"ID_0":70,"ISO":"SLV","NAME_0":"El Salvador","ID_1":9,"NAME_1":"San Miguel","ID_2":172,"NAME_2":"San Gerardo","TYPE_2":"Municipio","ENGTYPE_2":"Municipality","NL_NAME_2":"NA","VARNAME_2":"NA"}},
{"type":"Feature","geometry":null,"properties":{"OBJECTID":173,"ID_0":70,"ISO":"SLV","NAME_0":"El Salvador","ID_1":9,"NAME_1":"San Miguel","ID_2":173,"NAME_2":"San Jorge","TYPE_2":"Municipio","ENGTYPE_2":"Municipality","NL_NAME_2":"NA","VARNAME_2":"NA"}},
{"type":"Feature","geometry":null,"properties":{"OBJECTID":174,"ID_0":70,"ISO":"SLV","NAME_0":"El Salvador","ID_1":9,"NAME_1":"San Miguel","ID_2":174,"NAME_2":"San Luis de la Reina","TYPE_2":"Municipio","ENGTYPE_2":"Municipality","NL_NAME_2":"NA","VARNAME_2":"NA"}},
{"type":"Feature","geometry":null,"properties":{"OBJECTID":175,"ID_0":70,"ISO":"SLV","NAME_0":"El Salvador","ID_1":9,"NAME_1":"San Miguel","ID_2":175,"NAME_2":"San Miguel","TYPE_2":"Municipio","ENGTYPE_2":"Municipality","NL_NAME_2":"NA","VARNAME_2":"NA"}},
{"type":"Feature","geometry":null,"properties":{"OBJECTID":176,"ID_0":70,"ISO":"SLV","NAME_0":"El Salvador","ID_1":9,"NAME_1":"San Miguel","ID_2":176,"NAME_2":"San Rafael","TYPE_2":"Municipio","ENGTYPE_2":"Municipality","NL_NAME_2":"NA","VARNAME_2":"San Rafael Oriente"}},
{"type":"Feature","geometry":null,"properties":{"OBJECTID":177,"ID_0":70,"ISO":"SLV","NAME_0":"El Salvador","ID_1":9,"NAME_1":"San Miguel","ID_2":177,"NAME_2":"Sesori","TYPE_2":"Municipio","ENGTYPE_2":"Municipality","NL_NAME_2":"NA","VARNAME_2":"NA"}},
{"type":"Feature","geometry":null,"properties":{"OBJECTID":178,"ID_0":70,"ISO":"SLV","NAME_0":"El Salvador","ID_1":9,"NAME_1":"San Miguel","ID_2":178,"NAME_2":"Uluazapa","TYPE_2":"Municipio","ENGTYPE_2":"Municipality","NL_NAME_2":"NA","VARNAME_2":"NA"}},
{"type":"Feature","geometry":null,"properties":{"OBJECTID":179,"ID_0":70,"ISO":"SLV","NAME_0":"El Salvador","ID_1":10,"NAME_1":"San Salvador","ID_2":179,"NAME_2":"Aguilares","TYPE_2":"Municipio","ENGTYPE_2":"Municipality","NL_NAME_2":"NA","VARNAME_2":"NA"}},
{"type":"Feature","geometry":null,"properties":{"OBJECTID":180,"ID_0":70,"ISO":"SLV","NAME_0":"El Salvador","ID_1":10,"NAME_1":"San Salvador","ID_2":180,"NAME_2":"Apopa","TYPE_2":"Municipio","ENGTYPE_2":"Municipality","NL_NAME_2":"NA","VARNAME_2":"NA"}},
{"type":"Feature","geometry":null,"properties":{"OBJECTID":181,"ID_0":70,"ISO":"SLV","NAME_0":"El Salvador","ID_1":10,"NAME_1":"San Salvador","ID_2":181,"NAME_2":"Ayutuxtepeque","TYPE_2":"Municipio","ENGTYPE_2":"Municipality","NL_NAME_2":"NA","VARNAME_2":"NA"}},
{"type":"Feature","geometry":null,"properties":{"OBJECTID":182,"ID_0":70,"ISO":"SLV","NAME_0":"El Salvador","ID_1":10,"NAME_1":"San Salvador","ID_2":182,"NAME_2":"Cuscatancingo","TYPE_2":"Municipio","ENGTYPE_2":"Municipality","NL_NAME_2":"NA","VARNAME_2":"NA"}},
{"type":"Feature","geometry":null,"properties":{"OBJECTID":183,"ID_0":70,"ISO":"SLV","NAME_0":"El Salvador","ID_1":10,"NAME_1":"San Salvador","ID_2":183,"NAME_2":"Delgado","TYPE_2":"Municipio","ENGTYPE_2":"Municipality","NL_NAME_2":"NA","VARNAME_2":"NA"}},
{"type":"Feature","geometry":null,"properties":{"OBJECTID":184,"ID_0":70,"ISO":"SLV","NAME_0":"El Salvador","ID_1":10,"NAME_1":"San Salvador","ID_2":184,"NAME_2":"El Paisnal","TYPE_2":"Municipio","ENGTYPE_2":"Municipality","NL_NAME_2":"NA","VARNAME_2":"NA"}},
{"type":"Feature","geometry":null,"properties":{"OBJECTID":185,"ID_0":70,"ISO":"SLV","NAME_0":"El Salvador","ID_1":10,"NAME_1":"San Salvador","ID_2":185,"NAME_2":"Guazapa","TYPE_2":"Municipio","ENGTYPE_2":"Municipality","NL_NAME_2":"NA","VARNAME_2":"NA"}},
{"type":"Feature","geometry":null,"properties":{"OBJECTID":186,"ID_0":70,"ISO":"SLV","NAME_0":"El Salvador","ID_1":10,"NAME_1":"San Salvador","ID_2":186,"NAME_2":"Ilopango","TYPE_2":"Municipio","ENGTYPE_2":"Municipality","NL_NAME_2":"NA","VARNAME_2":"NA"}},
{"type":"Feature","geometry":null,"properties":{"OBJECTID":187,"ID_0":70,"ISO":"SLV","NAME_0":"El Salvador","ID_1":10,"NAME_1":"San Salvador","ID_2":187,"NAME_2":"Lago de Llopango","TYPE_2":"Water body","ENGTYPE_2":"Water body","NL_NAME_2":"NA","VARNAME_2":"NA"}},
{"type":"Feature","geometry":null,"properties":{"OBJECTID":188,"ID_0":70,"ISO":"SLV","NAME_0":"El Salvador","ID_1":10,"NAME_1":"San Salvador","ID_2":188,"NAME_2":"Mejicanos","TYPE_2":"Municipio","ENGTYPE_2":"Municipality","NL_NAME_2":"NA","VARNAME_2":"NA"}},
{"type":"Feature","geometry":null,"properties":{"OBJECTID":189,"ID_0":70,"ISO":"SLV","NAME_0":"El Salvador","ID_1":10,"NAME_1":"San Salvador","ID_2":189,"NAME_2":"Nejapa","TYPE_2":"Municipio","ENGTYPE_2":"Municipality","NL_NAME_2":"NA","VARNAME_2":"NA"}},
{"type":"Feature","geometry":null,"properties":{"OBJECTID":190,"ID_0":70,"ISO":"SLV","NAME_0":"El Salvador","ID_1":10,"NAME_1":"San Salvador","ID_2":190,"NAME_2":"Panchimalco","TYPE_2":"Municipio","ENGTYPE_2":"Municipality","NL_NAME_2":"NA","VARNAME_2":"NA"}},
{"type":"Feature","geometry":null,"properties":{"OBJECTID":191,"ID_0":70,"ISO":"SLV","NAME_0":"El Salvador","ID_1":10,"NAME_1":"San Salvador","ID_2":191,"NAME_2":"Rosario de Mora","TYPE_2":"Municipio","ENGTYPE_2":"Municipality","NL_NAME_2":"NA","VARNAME_2":"NA"}},
{"type":"Feature","geometry":null,"properties":{"OBJECTID":192,"ID_0":70,"ISO":"SLV","NAME_0":"El Salvador","ID_1":10,"NAME_1":"San Salvador","ID_2":192,"NAME_2":"San Marcos","TYPE_2":"Municipio","ENGTYPE_2":"Municipality","NL_NAME_2":"NA","VARNAME_2":"NA"}},
{"type":"Feature","geometry":null,"properties":{"OBJECTID":193,"ID_0":70,"ISO":"SLV","NAME_0":"El Salvador","ID_1":10,"NAME_1":"San Salvador","ID_2":193,"NAME_2":"San Martín","TYPE_2":"Municipio","ENGTYPE_2":"Municipality","NL_NAME_2":"NA","VARNAME_2":"NA"}},
{"type":"Feature","geometry":null,"properties":{"OBJECTID":194,"ID_0":70,"ISO":"SLV","NAME_0":"El Salvador","ID_1":10,"NAME_1":"San Salvador","ID_2":194,"NAME_2":"San Salvador","TYPE_2":"Municipio","ENGTYPE_2":"Municipality","NL_NAME_2":"NA","VARNAME_2":"NA"}},
{"type":"Feature","geometry":null,"properties":{"OBJECTID":195,"ID_0":70,"ISO":"SLV","NAME_0":"El Salvador","ID_1":10,"NAME_1":"San Salvador","ID_2":195,"NAME_2":"Santiago Texacuangos","TYPE_2":"Municipio","ENGTYPE_2":"Municipality","NL_NAME_2":"NA","VARNAME_2":"Santiago Texacuango"}},
{"type":"Feature","geometry":null,"properties":{"OBJECTID":196,"ID_0":70,"ISO":"SLV","NAME_0":"El Salvador","ID_1":10,"NAME_1":"San Salvador","ID_2":196,"NAME_2":"Santo Tomás","TYPE_2":"Municipio","ENGTYPE_2":"Municipality","NL_NAME_2":"NA","VARNAME_2":"NA"}},
{"type":"Feature","geometry":null,"properties":{"OBJECTID":197,"ID_0":70,"ISO":"SLV","NAME_0":"El Salvador","ID_1":10,"NAME_1":"San Salvador","ID_2":197,"NAME_2":"Soyapango","TYPE_2":"Municipio","ENGTYPE_2":"Municipality","NL_NAME_2":"NA","VARNAME_2":"NA"}},
{"type":"Feature","geometry":null,"properties":{"OBJECTID":198,"ID_0":70,"ISO":"SLV","NAME_0":"El Salvador","ID_1":10,"NAME_1":"San Salvador","ID_2":198,"NAME_2":"Tonacatepeque","TYPE_2":"Municipio","ENGTYPE_2":"Municipality","NL_NAME_2":"NA","VARNAME_2":"NA"}},
{"type":"Feature","geometry":null,"properties":{"OBJECTID":199,"ID_0":70,"ISO":"SLV","NAME_0":"El Salvador","ID_1":11,"NAME_1":"San Vicente","ID_2":199,"NAME_2":"Apastepeque","TYPE_2":"Municipio","ENGTYPE_2":"Municipality","NL_NAME_2":"NA","VARNAME_2":"NA"}},
{"type":"Feature","geometry":null,"properties":{"OBJECTID":200,"ID_0":70,"ISO":"SLV","NAME_0":"El Salvador","ID_1":11,"NAME_1":"San Vicente","ID_2":200,"NAME_2":"Guadalupe","TYPE_2":"Municipio","ENGTYPE_2":"Municipality","NL_NAME_2":"NA","VARNAME_2":"NA"}},
{"type":"Feature","geometry":null,"properties":{"OBJECTID":201,"ID_0":70,"ISO":"SLV","NAME_0":"El Salvador","ID_1":11,"NAME_1":"San Vicente","ID_2":201,"NAME_2":"San Cayetano Istepeque","TYPE_2":"Municipio","ENGTYPE_2":"Municipality","NL_NAME_2":"NA","VARNAME_2":"NA"}},
{"type":"Feature","geometry":null,"properties":{"OBJECTID":202,"ID_0":70,"ISO":"SLV","NAME_0":"El Salvador","ID_1":11,"NAME_1":"San Vicente","ID_2":202,"NAME_2":"San Esteban Catarina","TYPE_2":"Municipio","ENGTYPE_2":"Municipality","NL_NAME_2":"NA","VARNAME_2":"NA"}},
{"type":"Feature","geometry":null,"properties":{"OBJECTID":203,"ID_0":70,"ISO":"SLV","NAME_0":"El Salvador","ID_1":11,"NAME_1":"San Vicente","ID_2":203,"NAME_2":"San Ildefonso","TYPE_2":"Municipio","ENGTYPE_2":"Municipality","NL_NAME_2":"NA","VARNAME_2":"NA"}},
{"type":"Feature","geometry":null,"properties":{"OBJECTID":204,"ID_0":70,"ISO":"SLV","NAME_0":"El Salvador","ID_1":11,"NAME_1":"San Vicente","ID_2":204,"NAME_2":"San Lorenzo","TYPE_2":"Municipio","ENGTYPE_2":"Municipality","NL_NAME_2":"NA","VARNAME_2":"NA"}},
{"type":"Feature","geometry":null,"properties":{"OBJECTID":205,"ID_0":70,"ISO":"SLV","NAME_0":"El Salvador","ID_1":11,"NAME_1":"San Vicente","ID_2":205,"NAME_2":"San Sebastián","TYPE_2":"Municipio","ENGTYPE_2":"Municipality","NL_NAME_2":"NA","VARNAME_2":"NA"}},
{"type":"Feature","geometry":null,"properties":{"OBJECTID":206,"ID_0":70,"ISO":"SLV","NAME_0":"El Salvador","ID_1":11,"NAME_1":"San Vicente","ID_2":206,"NAME_2":"San Vicente","TYPE_2":"Municipio","ENGTYPE_2":"Municipality","NL_NAME_2":"NA","VARNAME_2":"NA"}},
{"type":"Feature","geometry":null,"properties":{"OBJECTID":207,"ID_0":70,"ISO":"SLV","NAME_0":"El Salvador","ID_1":11,"NAME_1":"San Vicente","ID_2":207,"NAME_2":"Santa Clara","TYPE_2":"Municipio","ENGTYPE_2":"Municipality","NL_NAME_2":"NA","VARNAME_2":"NA"}},
{"type":"Feature","geometry":null,"properties":{"OBJECTID":208,"ID_0":70,"ISO":"SLV","NAME_0":"El Salvador","ID_1":11,"NAME_1":"San Vicente","ID_2":208,"NAME_2":"Santo Domingo","TYPE_2":"Municipio","ENGTYPE_2":"Municipality","NL_NAME_2":"NA","VARNAME_2":"NA"}},
{"type":"Feature","geometry":null,"properties":{"OBJECTID":209,"ID_0":70,"ISO":"SLV","NAME_0":"El Salvador","ID_1":11,"NAME_1":"San Vicente","ID_2":209,"NAME_2":"Tecoluca","TYPE_2":"Municipio","ENGTYPE_2":"Municipality","NL_NAME_2":"NA","VARNAME_2":"NA"}},
{"type":"Feature","geometry":null,"properties":{"OBJECTID":210,"ID_0":70,"ISO":"SLV","NAME_0":"El Salvador","ID_1":11,"NAME_1":"San Vicente","ID_2":210,"NAME_2":"Tepetitán","TYPE_2":"Municipio","ENGTYPE_2":"Municipality","NL_NAME_2":"NA","VARNAME_2":"NA"}},
{"type":"Feature","geometry":null,"properties":{"OBJECTID":211,"ID_0":70,"ISO":"SLV","NAME_0":"El Salvador","ID_1":11,"NAME_1":"San Vicente","ID_2":211,"NAME_2":"Verapaz","TYPE_2":"Municipio","ENGTYPE_2":"Municipality","NL_NAME_2":"NA","VARNAME_2":"NA"}},
{"type":"Feature","geometry":null,"properties":{"OBJECTID":212,"ID_0":70,"ISO":"SLV","NAME_0":"El Salvador","ID_1":12,"NAME_1":"Santa Ana","ID_2":212,"NAME_2":"Candelaria de la Frontera","TYPE_2":"Municipio","ENGTYPE_2":"Municipality","NL_NAME_2":"NA","VARNAME_2":"NA"}},
{"type":"Feature","geometry":null,"properties":{"OBJECTID":213,"ID_0":70,"ISO":"SLV","NAME_0":"El Salvador","ID_1":12,"NAME_1":"Santa Ana","ID_2":213,"NAME_2":"Chalchuapa","TYPE_2":"Municipio","ENGTYPE_2":"Municipality","NL_NAME_2":"NA","VARNAME_2":"NA"}},
{"type":"Feature","geometry":null,"properties":{"OBJECTID":214,"ID_0":70,"ISO":"SLV","NAME_0":"El Salvador","ID_1":12,"NAME_1":"Santa Ana","ID_2":214,"NAME_2":"Coatepeque","TYPE_2":"Municipio","ENGTYPE_2":"Municipality","NL_NAME_2":"NA","VARNAME_2":"NA"}},
{"type":"Feature","geometry":null,"properties":{"OBJECTID":215,"ID_0":70,"ISO":"SLV","NAME_0":"El Salvador","ID_1":12,"NAME_1":"Santa Ana","ID_2":215,"NAME_2":"El Congo","TYPE_2":"Municipio","ENGTYPE_2":"Municipality","NL_NAME_2":"NA","VARNAME_2":"NA"}},
{"type":"Feature","geometry":null,"properties":{"OBJECTID":216,"ID_0":70,"ISO":"SLV","NAME_0":"El Salvador","ID_1":12,"NAME_1":"Santa Ana","ID_2":216,"NAME_2":"El Porvenir","TYPE_2":"Municipio","ENGTYPE_2":"Municipality","NL_NAME_2":"NA","VARNAME_2":"NA"}},
{"type":"Feature","geometry":null,"properties":{"OBJECTID":217,"ID_0":70,"ISO":"SLV","NAME_0":"El Salvador","ID_1":12,"NAME_1":"Santa Ana","ID_2":217,"NAME_2":"Lago de Coatepeque","TYPE_2":"Water body","ENGTYPE_2":"Water body","NL_NAME_2":"NA","VARNAME_2":"NA"}},
{"type":"Feature","geometry":null,"properties":{"OBJECTID":218,"ID_0":70,"ISO":"SLV","NAME_0":"El Salvador","ID_1":12,"NAME_1":"Santa Ana","ID_2":218,"NAME_2":"Lago de Guija","TYPE_2":"Water body","ENGTYPE_2":"Water body","NL_NAME_2":"NA","VARNAME_2":"NA"}},
{"type":"Feature","geometry":null,"properties":{"OBJECTID":219,"ID_0":70,"ISO":"SLV","NAME_0":"El Salvador","ID_1":12,"NAME_1":"Santa Ana","ID_2":219,"NAME_2":"Masahuat","TYPE_2":"Municipio","ENGTYPE_2":"Municipality","NL_NAME_2":"NA","VARNAME_2":"NA"}},
{"type":"Feature","geometry":null,"properties":{"OBJECTID":220,"ID_0":70,"ISO":"SLV","NAME_0":"El Salvador","ID_1":12,"NAME_1":"Santa Ana","ID_2":220,"NAME_2":"Metapán","TYPE_2":"Municipio","ENGTYPE_2":"Municipality","NL_NAME_2":"NA","VARNAME_2":"NA"}},
{"type":"Feature","geometry":null,"properties":{"OBJECTID":221,"ID_0":70,"ISO":"SLV","NAME_0":"El Salvador","ID_1":12,"NAME_1":"Santa Ana","ID_2":221,"NAME_2":"San Antonio Pajonal","TYPE_2":"Municipio","ENGTYPE_2":"Municipality","NL_NAME_2":"NA","VARNAME_2":"NA"}},
{"type":"Feature","geometry":null,"properties":{"OBJECTID":222,"ID_0":70,"ISO":"SLV","NAME_0":"El Salvador","ID_1":12,"NAME_1":"Santa Ana","ID_2":222,"NAME_2":"San Sebastián Salitrillo","TYPE_2":"Municipio","ENGTYPE_2":"Municipality","NL_NAME_2":"NA","VARNAME_2":"NA"}},
{"type":"Feature","geometry":null,"properties":{"OBJECTID":223,"ID_0":70,"ISO":"SLV","NAME_0":"El Salvador","ID_1":12,"NAME_1":"Santa Ana","ID_2":223,"NAME_2":"Santa Ana","TYPE_2":"Municipio","ENGTYPE_2":"Municipality","NL_NAME_2":"NA","VARNAME_2":"NA"}},
{"type":"Feature","geometry":null,"properties":{"OBJECTID":224,"ID_0":70,"ISO":"SLV","NAME_0":"El Salvador","ID_1":12,"NAME_1":"Santa Ana","ID_2":224,"NAME_2":"Santa Rosa Guachipilín","TYPE_2":"Municipio","ENGTYPE_2":"Municipality","NL_NAME_2":"NA","VARNAME_2":"NA"}},
{"type":"Feature","geometry":null,"properties":{"OBJECTID":225,"ID_0":70,"ISO":"SLV","NAME_0":"El Salvador","ID_1":12,"NAME_1":"Santa Ana","ID_2":225,"NAME_2":"Santiago de la Frontera","TYPE_2":"Municipio","ENGTYPE_2":"Municipality","NL_NAME_2":"NA","VARNAME_2":"NA"}},
{"type":"Feature","geometry":null,"properties":{"OBJECTID":226,"ID_0":70,"ISO":"SLV","NAME_0":"El Salvador","ID_1":12,"NAME_1":"Santa Ana","ID_2":226,"NAME_2":"Texistepeque","TYPE_2":"Municipio","ENGTYPE_2":"Municipality","NL_NAME_2":"NA","VARNAME_2":"NA"}},
{"type":"Feature","geometry":null,"properties":{"OBJECTID":227,"ID_0":70,"ISO":"SLV","NAME_0":"El Salvador","ID_1":13,"NAME_1":"Sonsonate","ID_2":227,"NAME_2":"Acajutla","TYPE_2":"Municipio","ENGTYPE_2":"Municipality","NL_NAME_2":"NA","VARNAME_2":"NA"}},
{"type":"Feature","geometry":null,"properties":{"OBJECTID":228,"ID_0":70,"ISO":"SLV","NAME_0":"El Salvador","ID_1":13,"NAME_1":"Sonsonate","ID_2":228,"NAME_2":"Armenia","TYPE_2":"Municipio","ENGTYPE_2":"Municipality","NL_NAME_2":"NA","VARNAME_2":"NA"}},
{"type":"Feature","geometry":null,"properties":{"OBJECTID":229,"ID_0":70,"ISO":"SLV","NAME_0":"El Salvador","ID_1":13,"NAME_1":"Sonsonate","ID_2":229,"NAME_2":"Caluco","TYPE_2":"Municipio","ENGTYPE_2":"Municipality","NL_NAME_2":"NA","VARNAME_2":"NA"}},
{"type":"Feature","geometry":null,"properties":{"OBJECTID":230,"ID_0":70,"ISO":"SLV","NAME_0":"El Salvador","ID_1":13,"NAME_1":"Sonsonate","ID_2":230,"NAME_2":"Cuisnahuat","TYPE_2":"Municipio","ENGTYPE_2":"Municipality","NL_NAME_2":"NA","VARNAME_2":"NA"}},
{"type":"Feature","geometry":null,"properties":{"OBJECTID":231,"ID_0":70,"ISO":"SLV","NAME_0":"El Salvador","ID_1":13,"NAME_1":"Sonsonate","ID_2":231,"NAME_2":"Izalco","TYPE_2":"Municipio","ENGTYPE_2":"Municipality","NL_NAME_2":"NA","VARNAME_2":"NA"}},
{"type":"Feature","geometry":null,"properties":{"OBJECTID":232,"ID_0":70,"ISO":"SLV","NAME_0":"El Salvador","ID_1":13,"NAME_1":"Sonsonate","ID_2":232,"NAME_2":"Juayúa","TYPE_2":"Municipio","ENGTYPE_2":"Municipality","NL_NAME_2":"NA","VARNAME_2":"NA"}},
{"type":"Feature","geometry":null,"properties":{"OBJECTID":233,"ID_0":70,"ISO":"SLV","NAME_0":"El Salvador","ID_1":13,"NAME_1":"Sonsonate","ID_2":233,"NAME_2":"Nahuizalco","TYPE_2":"Municipio","ENGTYPE_2":"Municipality","NL_NAME_2":"NA","VARNAME_2":"NA"}},
{"type":"Feature","geometry":null,"properties":{"OBJECTID":234,"ID_0":70,"ISO":"SLV","NAME_0":"El Salvador","ID_1":13,"NAME_1":"Sonsonate","ID_2":234,"NAME_2":"Nahulingo","TYPE_2":"Municipio","ENGTYPE_2":"Municipality","NL_NAME_2":"NA","VARNAME_2":"NA"}},
{"type":"Feature","geometry":null,"properties":{"OBJECTID":235,"ID_0":70,"ISO":"SLV","NAME_0":"El Salvador","ID_1":13,"NAME_1":"Sonsonate","ID_2":235,"NAME_2":"Salcoatitán","TYPE_2":"Municipio","ENGTYPE_2":"Municipality","NL_NAME_2":"NA","VARNAME_2":"NA"}},
{"type":"Feature","geometry":null,"properties":{"OBJECTID":236,"ID_0":70,"ISO":"SLV","NAME_0":"El Salvador","ID_1":13,"NAME_1":"Sonsonate","ID_2":236,"NAME_2":"San Antonio del Monte","TYPE_2":"Municipio","ENGTYPE_2":"Municipality","NL_NAME_2":"NA","VARNAME_2":"NA"}},
{"type":"Feature","geometry":null,"properties":{"OBJECTID":237,"ID_0":70,"ISO":"SLV","NAME_0":"El Salvador","ID_1":13,"NAME_1":"Sonsonate","ID_2":237,"NAME_2":"San Julián","TYPE_2":"Municipio","ENGTYPE_2":"Municipality","NL_NAME_2":"NA","VARNAME_2":"NA"}},
{"type":"Feature","geometry":null,"properties":{"OBJECTID":238,"ID_0":70,"ISO":"SLV","NAME_0":"El Salvador","ID_1":13,"NAME_1":"Sonsonate","ID_2":238,"NAME_2":"Santa Catarina Masahuat","TYPE_2":"Municipio","ENGTYPE_2":"Municipality","NL_NAME_2":"NA","VARNAME_2":"NA"}},
{"type":"Feature","geometry":null,"properties":{"OBJECTID":239,"ID_0":70,"ISO":"SLV","NAME_0":"El Salvador","ID_1":13,"NAME_1":"Sonsonate","ID_2":239,"NAME_2":"Santa Isabel Ishuatán","TYPE_2":"Municipio","ENGTYPE_2":"Municipality","NL_NAME_2":"NA","VARNAME_2":"NA"}},
{"type":"Feature","geometry":null,"properties":{"OBJECTID":240,"ID_0":70,"ISO":"SLV","NAME_0":"El Salvador","ID_1":13,"NAME_1":"Sonsonate","ID_2":240,"NAME_2":"Santo Domingo","TYPE_2":"Municipio","ENGTYPE_2":"Municipality","NL_NAME_2":"NA","VARNAME_2":"Santo Domingo de Guzman"}},
{"type":"Feature","geometry":null,"properties":{"OBJECTID":241,"ID_0":70,"ISO":"SLV","NAME_0":"El Salvador","ID_1":13,"NAME_1":"Sonsonate","ID_2":241,"NAME_2":"Sonsonate","TYPE_2":"Municipio","ENGTYPE_2":"Municipality","NL_NAME_2":"NA","VARNAME_2":"NA"}},
{"type":"Feature","geometry":null,"properties":{"OBJECTID":242,"ID_0":70,"ISO":"SLV","NAME_0":"El Salvador","ID_1":13,"NAME_1":"Sonsonate","ID_2":242,"NAME_2":"Sonzacate","TYPE_2":"Municipio","ENGTYPE_2":"Municipality","NL_NAME_2":"NA","VARNAME_2":"NA"}},
{"type":"Feature","geometry":null,"properties":{"OBJECTID":243,"ID_0":70,"ISO":"SLV","NAME_0":"El Salvador","ID_1":14,"NAME_1":"Usulután","ID_2":243,"NAME_2":"Alegría","TYPE_2":"Municipio","ENGTYPE_2":"Municipality","NL_NAME_2":"NA","VARNAME_2":"NA"}},
{"type":"Feature","geometry":null,"properties":{"OBJECTID":244,"ID_0":70,"ISO":"SLV","NAME_0":"El Salvador","ID_1":14,"NAME_1":"Usulután","ID_2":244,"NAME_2":"Berlín","TYPE_2":"Municipio","ENGTYPE_2":"Municipality","NL_NAME_2":"NA","VARNAME_2":"NA"}},
{"type":"Feature","geometry":null,"properties":{"OBJECTID":245,"ID_0":70,"ISO":"SLV","NAME_0":"El Salvador","ID_1":14,"NAME_1":"Usulután","ID_2":245,"NAME_2":"California","TYPE_2":"Municipio","ENGTYPE_2":"Municipality","NL_NAME_2":"NA","VARNAME_2":"NA"}},
{"type":"Feature","geometry":null,"properties":{"OBJECTID":246,"ID_0":70,"ISO":"SLV","NAME_0":"El Salvador","ID_1":14,"NAME_1":"Usulután","ID_2":246,"NAME_2":"Concepción Batres","TYPE_2":"Municipio","ENGTYPE_2":"Municipality","NL_NAME_2":"NA","VARNAME_2":"NA"}},
{"type":"Feature","geometry":null,"properties":{"OBJECTID":247,"ID_0":70,"ISO":"SLV","NAME_0":"El Salvador","ID_1":14,"NAME_1":"Usulután","ID_2":247,"NAME_2":"El Triunfo","TYPE_2":"Municipio","ENGTYPE_2":"Municipality","NL_NAME_2":"NA","VARNAME_2":"NA"}},
{"type":"Feature","geometry":null,"properties":{"OBJECTID":248,"ID_0":70,"ISO":"SLV","NAME_0":"El Salvador","ID_1":14,"NAME_1":"Usulután","ID_2":248,"NAME_2":"Ereguayquín","TYPE_2":"Municipio","ENGTYPE_2":"Municipality","NL_NAME_2":"NA","VARNAME_2":"NA"}},
{"type":"Feature","geometry":null,"properties":{"OBJECTID":249,"ID_0":70,"ISO":"SLV","NAME_0":"El Salvador","ID_1":14,"NAME_1":"Usulután","ID_2":249,"NAME_2":"Estanzuelas","TYPE_2":"Municipio","ENGTYPE_2":"Municipality","NL_NAME_2":"NA","VARNAME_2":"Estezuelas"}},
{"type":"Feature","geometry":null,"properties":{"OBJECTID":250,"ID_0":70,"ISO":"SLV","NAME_0":"El Salvador","ID_1":14,"NAME_1":"Usulután","ID_2":250,"NAME_2":"Jiquilisco","TYPE_2":"Municipio","ENGTYPE_2":"Municipality","NL_NAME_2":"NA","VARNAME_2":"NA"}},
{"type":"Feature","geometry":null,"properties":{"OBJECTID":251,"ID_0":70,"ISO":"SLV","NAME_0":"El Salvador","ID_1":14,"NAME_1":"Usulután","ID_2":251,"NAME_2":"Jucuapa","TYPE_2":"Municipio","ENGTYPE_2":"Municipality","NL_NAME_2":"NA","VARNAME_2":"NA"}},
{"type":"Feature","geometry":null,"properties":{"OBJECTID":252,"ID_0":70,"ISO":"SLV","NAME_0":"El Salvador","ID_1":14,"NAME_1":"Usulután","ID_2":252,"NAME_2":"Jucuarán","TYPE_2":"Municipio","ENGTYPE_2":"Municipality","NL_NAME_2":"NA","VARNAME_2":"NA"}},
{"type":"Feature","geometry":null,"properties":{"OBJECTID":253,"ID_0":70,"ISO":"SLV","NAME_0":"El Salvador","ID_1":14,"NAME_1":"Usulután","ID_2":253,"NAME_2":"Mercedes Umaña","TYPE_2":"Municipio","ENGTYPE_2":"Municipality","NL_NAME_2":"NA","VARNAME_2":"NA"}},
{"type":"Feature","geometry":null,"properties":{"OBJECTID":254,"ID_0":70,"ISO":"SLV","NAME_0":"El Salvador","ID_1":14,"NAME_1":"Usulután","ID_2":254,"NAME_2":"Nueva Granada","TYPE_2":"Municipio","ENGTYPE_2":"Municipality","NL_NAME_2":"NA","VARNAME_2":"NA"}},
{"type":"Feature","geometry":null,"properties":{"OBJECTID":255,"ID_0":70,"ISO":"SLV","NAME_0":"El Salvador","ID_1":14,"NAME_1":"Usulután","ID_2":255,"NAME_2":"Ozatlán","TYPE_2":"Municipio","ENGTYPE_2":"Municipality","NL_NAME_2":"NA","VARNAME_2":"NA"}},
{"type":"Feature","geometry":null,"properties":{"OBJECTID":256,"ID_0":70,"ISO":"SLV","NAME_0":"El Salvador","ID_1":14,"NAME_1":"Usulután","ID_2":256,"NAME_2":"Puerto El Triunfo","TYPE_2":"Municipio","ENGTYPE_2":"Municipality","NL_NAME_2":"NA","VARNAME_2":"NA"}},
{"type":"Feature","geometry":null,"properties":{"OBJECTID":257,"ID_0":70,"ISO":"SLV","NAME_0":"El Salvador","ID_1":14,"NAME_1":"Usulután","ID_2":257,"NAME_2":"San Agustín","TYPE_2":"Municipio","ENGTYPE_2":"Municipality","NL_NAME_2":"NA","VARNAME_2":"NA"}},
{"type":"Feature","geometry":null,"properties":{"OBJECTID":258,"ID_0":70,"ISO":"SLV","NAME_0":"El Salvador","ID_1":14,"NAME_1":"Usulután","ID_2":258,"NAME_2":"San Buenaventura","TYPE_2":"Municipio","ENGTYPE_2":"Municipality","NL_NAME_2":"NA","VARNAME_2":"San Buena Ventura"}},
{"type":"Feature","geometry":null,"properties":{"OBJECTID":259,"ID_0":70,"ISO":"SLV","NAME_0":"El Salvador","ID_1":14,"NAME_1":"Usulután","ID_2":259,"NAME_2":"San Dionisio","TYPE_2":"Municipio","ENGTYPE_2":"Municipality","NL_NAME_2":"NA","VARNAME_2":"NA"}},
{"type":"Feature","geometry":null,"properties":{"OBJECTID":260,"ID_0":70,"ISO":"SLV","NAME_0":"El Salvador","ID_1":14,"NAME_1":"Usulután","ID_2":260,"NAME_2":"San Francisco Javier","TYPE_2":"Municipio","ENGTYPE_2":"Municipality","NL_NAME_2":"NA","VARNAME_2":"NA"}},
{"type":"Feature","geometry":null,"properties":{"OBJECTID":261,"ID_0":70,"ISO":"SLV","NAME_0":"El Salvador","ID_1":14,"NAME_1":"Usulután","ID_2":261,"NAME_2":"Santa Elena","TYPE_2":"Municipio","ENGTYPE_2":"Municipality","NL_NAME_2":"NA","VARNAME_2":"NA"}},
{"type":"Feature","geometry":null,"properties":{"OBJECTID":262,"ID_0":70,"ISO":"SLV","NAME_0":"El Salvador","ID_1":14,"NAME_1":"Usulután","ID_2":262,"NAME_2":"Santa María","TYPE_2":"Municipio","ENGTYPE_2":"Municipality","NL_NAME_2":"NA","VARNAME_2":"NA"}},
{"type":"Feature","geometry":null,"properties":{"OBJECTID":263,"ID_0":70,"ISO":"SLV","NAME_0":"El Salvador","ID_1":14,"NAME_1":"Usulután","ID_2":263,"NAME_2":"Santiago de María","TYPE_2":"Municipio","ENGTYPE_2":"Municipality","NL_NAME_2":"NA","VARNAME_2":"NA"}},
{"type":"Feature","geometry":null,"properties":{"OBJECTID":264,"ID_0":70,"ISO":"SLV","NAME_0":"El Salvador","ID_1":14,"NAME_1":"Usulután","ID_2":264,"NAME_2":"Tecapán","TYPE_2":"Municipio","ENGTYPE_2":"Municipality","NL_NAME_2":"NA","VARNAME_2":"NA"}},
{"type":"Feature","geometry":null,"properties":{"OBJECTID":265,"ID_0":70,"ISO":"SLV","NAME_0":"El Salvador","ID_1":14,"NAME_1":"Usulután","ID_2":265,"NAME_2":"Usulután","TYPE_2":"Municipio","ENGTYPE_2":"Municipality","NL_NAME_2":"NA","VARNAME_2":"NA"}}
]}