code,funding,fundpop,fundeq,fundpov,fundter,pop,popurb,cases,shp2,dep,mun,area,party,trfpop,dens,infpop,quintile,grp,agr
0101,2823257.15,1410810.662771821,182919.8454961832,1196616.119740333,32910.5350023738,316090,100,8253,194,San Salvador,San Salvador,72.25,ARENA,8.931814198487773,4.374948096885813,26.109652314214305,5,1,1
0102,1046090.57,373172.94638448604,182919.8454961832,474774.653162046,15223.114864765841,120200,93.3,1040,183,San Salvador,Ciuad Delgado,33.42,ARENA,8.702916555740432,3.596648713345302,8.652246256239602,5,2,3
0103,1102355.15,492030.68941576895,182919.8454961832,417328.74927982,10075.86270522503,140751,100,2599,188,San Salvador,Mejicanos,22.12,FMLN,7.831952526092176,6.363065099457504,18.465232929073327,5,1,1
0104,1459561.35,886956.18015246,182919.8454961832,376147.593695299,13537.73159128787,241403,100,4731,197,San Salvador,Soyapango,29.72,ARENA,6.046160776792335,8.122577388963661,19.59793374564525,5,1,1
0105,1410101.8,976299.8935278561,182919.8454961832,248422.3202392092,2459.75315588676,66400,100,669,182,San Salvador,Cuscatancingo,5.4,ARENA,21.236472891566265,12.296296296296296,10.075301204819278,5,3,2
0106,1466071.3199999998,1017535.9756883429,182919.8454961832,258914.96181041602,6700.53404131375,63209,100,779,192,San Salvador,San Marcos,14.71,FMLN,23.194028065623563,4.2970088375254925,12.324194339413692,5,3,2
0107,767669.19,307857.58173918,182919.8454961832,261117.49245050002,15774.28101636269,103862,100,1365,186,San Salvador,Ilopango,34.63,ARENA,7.391242128978837,2.999191452497834,13.14243900560359,4,1,1
0108,1111003.58,649206.734920073,182919.8454961832,240905.7606512691,37971.236939762995,29458,56.1,268,189,San Salvador,Nejapa,83.36,FMLN,37.71483400095051,0.3533829174664107,9.097698418086768,5,3,2
0109,1049201.78,370849.597168854,182919.8454961832,471818.741269664,23613.5942965129,131286,100,1172,180,San Salvador,Apopa,51.84,ARENA,7.991726307450909,2.532523148148148,8.927075240315036,5,2,3
0110,1494163.0899999999,960080.594939196,182919.8454961832,325727.02933020203,25435.63107865124,72758,90.7,580,193,San Salvador,San Martín,55.84,ARENA,20.53606599961516,1.3029727793696275,7.971631985486132,5,2,3
0111,1369667.3399999999,771729.529374847,182919.8454961832,374035.80846419104,40982.1562472466,41260,39.2,348,190,San Salvador,Panchimalco,89.97,FMLN,33.19600920988851,0.458597310214516,8.434318952981094,5,3,2
0112,900895.18,555403.1435474181,182919.8454961832,147212.4255614275,15359.76837342621,21267,90,143,179,San Salvador,Aguilares,33.72,GANA,42.3611783514365,0.6306939501779361,6.724032538674943,4,2,3
0113,1153604.1,742983.154956872,182919.8454961832,196931.45747935568,30769.640033361196,90896,86,579,198,San Salvador,Tonacatepeque,67.55,ARENA,12.691472672064778,1.3456106587712806,6.3699172680866045,5,2,3
0114,931299,582821.401425463,182919.8454961832,154479.77616916178,11077.97843540111,25344,74,349,196,San Salvador,Santo Tomás,24.32,ARENA,36.74633049242424,1.0421052631578949,13.770517676767676,4,3,2
0115,835804.94,498144.769983222,182919.8454961832,140838.1932642572,13902.140947715541,19428,63.7,138,195,San Salvador,Santiago Texacuangos,30.52,ARENA,43.02063722462425,0.6365661861074706,7.103150092649783,4,2,3
0116,788300.1,412241.92951051,182919.8454961832,135976.4877833646,57161.835672635105,14551,46.2,47,184,San Salvador,El Paisnal,125.49,FMLN,54.17497766476531,0.11595346242728505,3.230018555425744,4,2,3
0117,948341.3500000001,574112.2282838239,182919.8454961832,162316.1200554005,28993.1544207763,22906,62.1,123,185,San Salvador,Guazapa,63.65,PCN,41.40143848773248,0.35987431264728986,5.369772112110365,4,2,3
0118,936651.62,647005.66671579,182919.8454961832,102895.2808444911,3830.8303594458603,34710,100,575,181,San Salvador,Ayutuxtepeque,8.41,ARENA,26.985065399020456,4.127229488703923,16.565831172572743,4,1,1
0119,621628.1799999999,314229.809997258,182919.8454961832,106608.9047229329,17869.62481582178,11377,44.4,71,191,San Salvador,Rosario de Mora,39.23,FMLN,54.63902434736749,0.29000764720876887,6.240660982684363,3,2,3
0201,1993460.67,716604.2856752949,182919.8454961832,911710.121514586,182226.4087986108,245421,83.3,3947,223,Santa Ana,Santa Ana,400.05,ARENA,8.122616524258316,0.6134758155230596,16.08256832137429,5,1,1
0202,1606158.51,880808.130415188,182919.8454961832,466925.347074525,75505.1906518129,74038,64.4,828,213,Santa Ana,Chalchuapa,165.76,ARENA,21.693704719198248,0.44665781853281855,11.183446338366783,5,3,2
0203,2009031.06,1017994.529480902,182919.8454961832,503672.629820472,304444.05882749497,59004,32.8,435,220,Santa Ana,Metapán,668.36,PCN,34.04906548708562,0.08828176431863068,7.372381533455359,5,2,3
0204,1534105.27,908233.1861271961,182919.8454961832,385170.915787836,57781.3235785621,36768,36.3,125,214,Santa Ana,Coatepeque,126.85,ARENA,41.72392488033072,0.28985415845486795,3.3996953872932982,5,2,3
0205,931350.04,551001.007138852,182919.8454961832,155781.9906090808,41647.1953227271,24219,60.3,119,215,Santa Ana,El Congo,91.43,GANA,38.45534662867996,0.2648911735754129,4.913497667120855,4,2,3
0206,975891.72,554638.877226487,182919.8454961832,156810.51524414972,81522.46714982469,17923,17.4,79,226,Santa Ana,Texistepeque,178.97,PCN,54.4491279361714,0.1001452757445382,4.4077442392456625,4,2,3
0207,1010643.33,596489.763360702,182919.8454961832,189723.17356635228,41510.541814066804,22686,35.9,112,212,Santa Ana,Candelaria de la Frontera,91.13,ARENA,44.54920788151283,0.24894107319214312,4.936965529401393,4,2,3
0208,622484.28,324080.269244821,182919.8454961832,96207.01856070309,19277.14895502365,5196,27.6,5,225,Santa Ana,Santiago de la Frontera,44.22,ARENA,119.80066974595843,0.1175033921302578,0.962278675904542,3,4,4
0209,481778.77,210086.6253316444,182919.8454961832,71276.195494686,17496.10122548342,18566,94.2,218,222,Santa Ana,San Sebastián Salitrillo,42.32,ARENA,25.94951901325003,0.43870510396975426,11.741893784336959,2,3,2
0210,493312.22,223809.3399385941,182919.8454961832,66440.42441635809,20142.611176539358,4930,8.7,20,224,Santa Ana,Santa Rosa Guachipilín,38.41,ARENA,100.06333062880324,0.12835199166883626,4.056795131845842,2,4,4
0211,482291.92,212396.38887934881,182919.8454961832,63052.34914789611,23923.33824947642,8232,11.2,43,216,Santa Ana,El Porvenir,52.52,PCN,58.58745383867833,0.15674028941355672,5.22351797862002,2,2,3
0212,408395.69,139706.755466298,182919.8454961832,53323.1838744299,32445.9090729285,3393,14.7,8,219,Santa Ana,Masahuat,71.23,PCN,120.36418803418803,0.0476344236978801,2.357795461243737,2,4,4
0213,370278.08,130501.6704452995,182919.8454961832,33206.528217936604,23650.03123215567,3279,39.6,10,221,Santa Ana,San Antonio Pajonal,51.92,FMLN,112.92408661177188,0.06315485362095531,3.0497102775236353,1,4,4
0301,2203863.45,649165.97791629,182919.8454961832,1101214.341237058,270563.292913633,218410,72.4,6582,175,San Miguel,San Miguel,593.98,FMLN-CD,10.090487843963189,0.36770598336644333,30.135982784671032,5,1,1
0302,962241.39,564533.502394815,182919.8454961832,179558.96776096622,35229.0725326448,22311,27.9,277,161,San Miguel,Chinameca,77.34,ARENA,43.1285639370714,0.2884794414274631,12.415400475101968,4,3,2
0303,871795.32,503036.03043718496,182919.8454961832,165924.582745663,19914.85532877207,18363,41.5,151,165,San Miguel,El Tránsito,43.72,ARENA,47.47564776997223,0.42001372369624884,8.223057234656647,4,2,3
0304,1173773.63,673989.143220149,182919.8454961832,285830.795250557,31033.8328167713,24817,34.8,281,163,San Miguel,Ciudad Barrios,68.13,ARENA,47.297160414232174,0.3642595038896228,11.32288350727324,5,3,2
0305,1117718.2,590239.816113972,182919.8454961832,250313.6980485164,94244.8298061057,19984,15.5,50,162,San Miguel,Chirilagua,206.9,FMLN,55.93065452361889,0.09658772353794103,2.502001601281025,5,2,3
0306,776641.4,340615.467112799,182919.8454961832,160501.0818758672,92604.9977021812,10705,9.8,52,177,San Miguel,Sesori,203.3,PDC-PCN,72.54940681924334,0.05265617314313822,4.857543204110229,4,2,3
0307,817707.93,461918.840371064,182919.8454961832,152362.226626373,20507.02053296703,13290,42.1,90,176,San Miguel,San Rafael Oriente,45.02,FMLN,61.52806094808127,0.2952021323856064,6.772009029345372,4,2,3
0308,1009645.61,568772.6007882489,182919.8454961832,211058.49614338932,46894.6640552856,22659,28.5,172,167,San Miguel,Moncagua,102.95,FMLN,44.5582598525972,0.22009713453132587,7.590802771525664,4,2,3
0309,790341.37,424408.950139741,182919.8454961832,139989.7358692214,43022.8346432416,14916,29.6,102,166,San Miguel,Lolotique,94.45,GANA,52.986147090372754,0.15792482795129698,6.838294448913918,4,2,3
0310,592284.63,302409.248900183,182919.8454961832,89773.719568802,17181.80515556455,9115,28.5,44,173,San Miguel,San Jorge,37.72,ARENA,64.9791146461876,0.2416489925768823,4.827207899067472,3,2,3
0311,654718.25,319307.89088522596,182919.8454961832,105322.5396401367,47167.971072606306,10728,22.1,68,160,San Miguel,Chapeltique,103.55,PDC-PCN,61.02891964951529,0.1036021245774988,6.33855331841909,3,2,3
0312,489458.36,188755.27668519772,182919.8454961832,80048.8750290966,37734.376858085,5986,16.4,22,172,San Miguel,San Gerardo,82.84,PDC-FMLN,81.76718342799866,0.07225977788507967,3.6752422318743734,2,2,3
0313,596464.3500000001,281859.141159577,182919.8454961832,107579.80624119111,24105.54292769025,8240,14.7,45,159,San Miguel,Carolina,52.92,FMLN,72.38645024271845,0.15570672713529857,5.461165048543689,3,2,3
0314,407078.82999999996,165046.2261514082,182919.8454961832,48995.9058019554,10116.861757823139,4049,58.3,71,170,San Miguel,Quelepa,22.21,FMLN,100.53811558409483,0.18230526789734353,17.53519387503087,2,5,5
0315,590634.86,232504.9274123049,182919.8454961832,98602.578642103,76607.5229550065,5637,19.2,26,174,San Miguel,San Luis de la Reina,168.18,ARENA,104.77822600674118,0.0335176596503746,4.612382472946603,3,4,4
0316,330284.69,83287.3743966357,182919.8454961832,35321.190604884796,28756.284339098398,4034,14.4,20,169,San Miguel,Nuevo Edén de San Juan,63.13,FMLN,81.87523301933565,0.06389988911769365,4.95785820525533,1,2,3
0317,454211.27,223062.06820257212,182919.8454961832,37839.184809507096,10390.15877514389,8905,56.9,240,168,San Miguel,Nueva Guadalupe,22.81,GANA,51.00631892195396,0.3903989478298992,26.951151038742278,2,1,1
0318,355164.36,124081.877349474,182919.8454961832,31572.9908563567,16589.63995136959,3351,38.7,22,178,San Miguel,Uluazapa,36.42,PCN,105.98757385854968,0.09200988467874793,6.565204416592062,1,5,5
0319,348805.13,119666.15527298031,182919.8454961832,30449.400078550403,15769.72889940734,3199,14,35,164,San Miguel,Comacarán,34.62,FMLN,109.03567677399188,0.09240323512420566,10.940919037199125,1,5,5
0320,489718,216472.4392576507,182919.8454961832,82623.05877260919,7702.65977148984,5304,8,21,171,San Miguel,San Antonio,16.91,ARENA,92.32993966817496,0.31366055588409225,3.959276018099547,2,4,4
0401,947792.4199999999,386199.343010142,182919.8454961832,327565.114756459,51108.122238980504,121908,89.3,3785,81,La Libertad,Santa Tecla,112.2,ARENA,7.774653181087377,1.086524064171123,31.048003412409358,4,1,1
0402,1527955.1,951615.9838202561,182919.8454961832,336307.539154544,57111.7323861263,52643,68.7,558,84,La Libertad,Quezaltepeque,125.38,ARENA,29.02484850787379,0.4198676024884352,10.599699865129267,5,3,2
0403,1512626.68,946228.8014869329,182919.8454961832,343958.061489069,39519.9667045806,60314,68.8,230,74,La Libertad,Ciudad Arce,86.76,ARENA,25.079196869715155,0.695182111572153,3.8133766621348277,5,2,3
0404,1607569.3399999999,878066.98441078,182919.8454961832,446853.34233356,99729.15862034209,74280,60.6,385,83,La Libertad,San Juan Opico,218.94,ARENA,21.642021270866987,0.3392710331597698,5.183091007000538,5,2,3
0405,1659890.46,1010250.028762129,182919.8454961832,428435.045045059,38285.543009681896,96989,94,1051,75,La Libertad,Colón,84.05,ARENA,17.1142135706111,1.1539440809042236,10.836280402932292,5,3,2
0406,1345700.57,798668.84995844,182919.8454961832,290319.414050101,73792.4746766028,35997,64.2,290,80,La Libertad,Puerto de La Libertad,162,ARENA,37.383686696113564,0.2222037037037037,8.056226907797871,5,3,2
0407,998309.72,765944.92375464,182919.8454961832,40603.5208384946,8841.429010326301,33698,100,869,72,La Libertad,Antiguo Cuscatlán,19.41,ARENA,29.625191999525192,1.7361154044307059,25.78788058638495,4,1,1
0408,674714.55,332330.888593901,182919.8454961832,125277.8545695604,34185.9577498706,11870,24.2,48,76,La Libertad,Comasagua,75.05,ARENA,56.84200084245999,0.1581612258494337,4.043807919123841,3,2,3
0409,1029359.99,571880.589826704,182919.8454961832,215580.2372350995,58979.320337818106,20366,27.6,77,88,La Libertad,San Pablo Tacachico,129.48,ARENA,50.54306147500736,0.15729070126660488,3.780811155847982,5,2,3
0410,651642.59,348533.202597651,182919.8454961832,98539.20121361129,21650.351888758843,11058,62.3,44,78,La Libertad,Jayaque,47.53,ARENA,58.929516187375654,0.23265306122448978,3.9790197142340387,3,2,3
0411,608598.84,312667.318185576,182919.8454961832,92818.95329224109,20192.71446304816,14465,33.5,58,77,La Libertad,Huizúcar,44.33,ARENA,42.073891462150016,0.326302729528536,4.0096785343933625,3,2,3
0412,651377.1,331322.060250271,182919.8454961832,109285.3624987843,27849.8230649845,14322,57.9,43,92,La Libertad,Tepecoyo,61.14,GANA,45.480875576036865,0.23424926398429832,3.002373970115906,3,2,3
0413,763000.65,372255.838799368,182919.8454961832,157869.28501554398,49955.686649277995,12320,10.4,15,91,La Libertad,Teotepeque,109.67,ARENA,61.931870941558444,0.1123370110330993,1.2175324675324675,4,2,3
0414,705311.4099999999,335907.62817586097,182919.8454961832,142454.437690794,44029.512490373,10897,7.1,35,73,La Libertad,Chiltiupán,96.66,ARENA,64.72528310544186,0.11273536105938341,3.2118931816096175,4,2,3
0415,400777.75,173877.6803043957,182919.8454961832,36869.7268691691,7110.49456729488,6897,59.1,147,82,La Libertad,Nuevo Cuscatlán,51.61,FMLN-CD-PSD-PSP,58.10899666521676,0.13363689207517923,21.313614615050025,2,1,1
0416,689142.58,348105.219057929,182919.8454961832,131224.2542244122,26893.2585043619,13544,29.2,77,90,La Libertad,Tamanique,29.72,GANA-FMLN-CD,50.88176166568222,0.4557200538358008,5.685174246898995,3,2,3
0417,598924.94,311920.04644955404,182919.8454961832,92597.11229252041,11487.938961382239,12299,80.3,50,85,La Libertad,Sacacoyo,25.22,ARENA,48.697043662086344,0.4876685170499604,4.065371168387673,3,2,3
0418,527407.44,246159.7036796163,182919.8454961832,83514.7235052529,14813.154338784709,13576,79.1,348,86,La Libertad,San José Villanueva,32.52,ARENA,38.84851502651738,0.41746617466174657,25.63347083087802,3,1,1
0419,759271.21,441253.239453073,182919.8454961832,124753.5122065842,10344.60760559043,22525,80.1,203,93,La Libertad,Zaragoza,22.71,ARENA,33.70793385127636,0.9918538088947599,9.012208657047724,4,3,2
0420,469263.28,210358.3586901978,182919.8454961832,62447.336421385,13537.73159128787,8254,59.2,30,89,La Libertad,Talnique,59.04,ARENA,56.852832566028596,0.13980352303523033,3.63460140537921,2,2,3
0421,530972.45,249930.0515295455,182919.8454961832,74194.6543611418,23927.890366431762,7314,16,24,87,La Libertad,San Matías,52.53,ARENA,72.5967254580257,0.13923472301541975,3.281378178835111,3,2,3
0422,461678.44,187600.3949113455,182919.8454961832,71603.187682586,19555.00808929975,5116,8.2,14,79,La Libertad,Jicalapa,42.93,ARENA,90.24207193119625,0.11917074307011415,2.7365129007036746,2,4,4
0501,1491212.52,873987.535115496,182919.8454961832,370647.743195729,63657.394450958294,73064,70.5,1106,265,Usulután,Usulután,139.75,ARENA,20.409675353115077,0.522819320214669,15.137413774225337,5,1,1
0502,1707726.55,895108.290909064,182919.8454961832,433834.05509021,195864.3569629163,47784,42.4,324,250,Usulután,Jiquilisco,429.99,GANA,35.73845952620124,0.111128165771297,6.7805123053741845,5,2,3
0503,979681.04,548799.928934569,182919.8454961832,181019.6457721144,66941.6207757626,17787,55,105,244,Usulután,Berlín,146.96,GANA,55.07848653510992,0.12103293413173652,5.903187721369539,4,2,3
0504,828321.0900000001,528592.891809138,182919.8454961832,99631.1032771718,17177.24303860921,18201,78.8,344,263,Usulután,Santiago de María,37.71,GANA,45.50964727212791,0.4826571201272872,18.900060436239766,4,1,1
0505,787266.2,475797.805159182,182919.8454961832,112100.113754981,16448.43432575387,18442,56.8,234,251,Usulután,Jucuapa,36.11,FMLN,42.688764776054654,0.5107172528385489,12.688428586921157,4,3,2
0506,788334.49,452472.582244349,182919.8454961832,127925.50078700649,25016.55631875942,17342,29.9,186,261,Usulután,Santa Elena,54.92,ARENA,45.45810690808442,0.315768390386016,10.725406527505479,4,3,2
0507,779518.1499999999,342266.270766011,182919.8454961832,145151.065557529,109180.9713026847,13424,8.5,23,252,Usulután,Jucuarán,239.69,FMLN,58.06899210369487,0.056005673995577626,1.7133492252681763,4,2,3
0508,388392.43,118239.5401405746,182919.8454961832,40115.187923524994,47117.8577860975,6518,47.9,21,257,Usulután,San Agustín,103.44,FMLN,59.58766953053084,0.06301237432327919,3.2218471923903036,2,2,3
0509,670714,349603.161446955,182919.8454961832,115315.3196730114,22875.67134974687,12443,40.9,53,255,Usulután,Ozatlán,50.22,ARENA,53.90291730290123,0.24776981282357627,4.259422968737442,3,2,3
0510,620595.23,312293.68731756497,182919.8454961832,92708.0277923808,32673.664920695803,9015,43,25,249,Usulután,Estanzuelas,71.73,ARENA,68.84029173599556,0.12567963195315768,2.7731558513588466,3,2,3
0511,771932.01,407442.369815059,182919.8454961832,153592.4221702788,27977.3723397342,13092,23.7,94,253,Usulután,Mercedes Umaña,61.42,FMLN,58.96211503208066,0.2131553239986975,7.1799572257867394,4,2,3
0512,715089.7,373111.80587881105,182919.8454961832,140650.9281346229,18407.124616552588,11712,13.2,70,243,Usulután,Alegría,40.41,FMLN,61.05615607923497,0.28982925018559763,5.976775956284152,4,2,3
0513,732094.72,359446.832860554,182919.8454961832,135499.6734917571,54228.362353392404,12197,26.4,63,246,Usulután,Concepción Batres,119.05,ARENA,60.02252357137001,0.1024527509449811,5.165204558497991,4,2,3
0514,452354.67,185766.1697411096,182919.8454961832,63024.9811674111,20643.6740416274,5409,18.5,23,260,Usulután,San Francisco Javier,45.32,FMLN,83.63,0.11935127978817299,4.252172305416898,2,2,3
0515,851564.3200000001,461368.57581999304,182919.8454961832,130440.6278357883,76835.2788027738,16584,57.9,87,256,Usulután,Puerto El Triunfo,168.68,FMLN,51.34854799807043,0.09831633862935736,5.246020260492041,4,2,3
0516,554165.13,269257.34915666,182919.8454961832,79932.1952175552,22055.75029778462,7697,46.2,59,264,Usulután,Tecapán,48.42,FMLN,71.99754839547876,0.15896323833126805,7.665324152267116,3,2,3
0517,568951.85,234305.1834127215,182919.8454961832,99366.0449398431,52360.774401700604,4945,25.9,17,259,Usulután,San Dionisio,114.95,ARENA,115.05598584428715,0.04301870378425402,3.4378159757330637,3,4,4
0518,507072.73,240113.5614518018,182919.8454961832,71280.5162284468,12758.809591923731,6119,31.4,38,248,Usulután,Ereguayquín,28.01,FMLN,82.8685618565125,0.21845769368082826,6.2101650596502695,2,2,3
0519,531053.83,273197.532855686,182919.8454961832,69515.8932761228,5420.5591768615595,10731,76.4,107,262,Usulután,Santa María,11.9,ARENA,49.487823129251694,0.9017647058823529,9.971111732364179,3,3,2
0520,570242.22,250745.2616052059,182919.8454961832,95704.27986653091,40872.835440318304,7451,17.6,57,254,Usulután,Nueva Granada,89.73,ARENA,76.53230707287612,0.08303800289758163,7.64997986847403,3,2,3
0521,452024.5,200100.2894048046,182919.8454961832,50916.095169668,18088.26642967838,6924,44.4,68,247,Usulután,Villa El Triunfo,39.71,ARENA,65.28372328134027,0.17436414001510955,9.820912767186597,2,2,3
0522,376813.45,139706.755466298,182919.8454961832,41473.5819023344,12713.258422370269,4726,19.9,74,258,Usulután,San Buenaventura,27.91,FMLN,79.73200380871774,0.16932998925116444,15.658061785865426,1,5,5
0523,295355.33,78124.37058412,182919.8454961832,23192.13451625797,11118.97748799923,2628,62.6,38,245,Usulután,California,24.41,FMLN,112.38787290715374,0.10766079475624744,14.45966514459665,1,5,5
0601,1529486.4100000001,792517.4013041861,182919.8454961832,448129.632370914,105919.5255626571,71541,68.7,795,241,Sonsonate,Sonsonate,232.53,ARENA,21.379158943822425,0.3076635272868017,11.112508910974126,5,3,2
0602,1740771.96,927217.403139137,182919.8454961832,550510.655897871,80124.0472445335,70959,56.1,264,231,Sonsonate,Izalco,175.9,ARENA,24.53208134274722,0.4034053439454235,3.720458292816979,5,2,3
0603,1711256.5,971690.5531833931,182919.8454961832,480762.836576586,75883.2563591066,52359,48.2,304,227,Sonsonate,Acajutla,166.59,ARENA,32.683139479363625,0.314298577345579,5.806069634637789,5,2,3
0604,1065723.1500000001,647087.190723356,182919.8454961832,205816.4960915469,29899.6156948902,34912,68.7,119,228,Sonsonate,Armenia,65.64,ARENA,30.52598390238314,0.5318708104814137,3.408570119156737,5,2,3
0605,1461125.51,816739.358302245,182919.8454961832,445332.17404976103,16134.12825583501,49081,70.7,210,234,Sonsonate,Nahulingo,35.42,ARENA,29.76967686069966,1.3856860530773574,4.278641429473727,5,2,3
0606,1072775.43,639505.728019715,182919.8454961832,203405.0866530242,46944.7673417944,24465,56.4,153,232,Sonsonate,Juayúa,103.06,PCN,43.84939423666462,0.23738598874442074,6.253832004904966,5,2,3
0607,797685.49,419456.54918010405,182919.8454961832,158121.3711515903,37187.7628234435,18648,50.7,62,237,Sonsonate,San Julián,81.64,FMLN,42.775927177177174,0.2284174424301813,3.3247533247533245,4,2,3
0608,678505.52,413770.45215237304,182919.8454961832,77988.94860311839,3826.27824249052,25005,100,279,242,Sonsonate,Sonzacate,8.4,FMLN,27.134793841231755,2.976785714285714,11.157768446310738,3,3,2
0609,890396.19,542624.707861442,182919.8454961832,153413.798508166,11437.83567487344,26902,74.3,196,236,Sonsonate,San Antonio del Monte,25.11,GANA,33.09776931083191,1.0713659896455594,7.2857036651550064,4,2,3
0610,615976.91,321872.413206574,182919.8454961832,95551.59060698279,15633.07539074696,10417,68.4,41,233,Sonsonate,Nahuizalco,34.32,FMLN,59.13189113948354,0.30352564102564106,3.935874052030335,3,2,3
0611,664508.62,314814.04371814796,182919.8454961832,133508.89880595158,33265.830124890796,12676,23.7,34,230,Sonsonate,Cuisnahuat,73.03,PCN,52.4225796781319,0.17357250445022593,2.682234143262859,3,2,3
0612,544147.22,259203.074890182,182919.8454961832,87939.9548763054,14084.345625929382,10076,42.5,37,238,Sonsonate,Santa Catarina Masahuat,30.92,PDC,54.00428940055577,0.3258732212160414,3.6720921000396984,3,2,3
0613,520272.57999999996,227206.0569205124,182919.8454961832,86719.8543778414,23426.837501343718,9139,17.6,33,229,Sonsonate,Caluco,51.43,PCN,56.92883028777765,0.17769784172661873,3.610898347740453,2,2,3
0614,635682.03,305670.099202824,182919.8454961832,103704.85163567969,43387.2439996692,10241,7.9,37,239,Sonsonate,Santa Isabel Ishuatán,95.25,ARENA,62.0722614979006,0.10751706036745406,3.6129284249585005,3,2,3
0615,370727.08999999997,138280.14033389228,182919.8454961832,41050.0799937766,8477.019653898631,5484,36.8,55,235,Sonsonate,Salcoatitán,18.61,FMLN,67.60158460977388,0.2946802794196669,10.029175784099198,1,2,3
0616,480867.23,212973.8347662749,182919.8454961832,72255.7384804658,12717.81053932562,7055,32.3,21,240,Sonsonate,Santo Domingo,27.92,FMLN,68.15977746279235,0.2526862464183381,2.97661233167966,2,2,3
0701,1391923.0499999998,877441.993686107,182919.8454961832,265794.80995759903,65766.4046012834,34045,38,690,122,La Unión,Intipucá,94.49,PCN,40.884800998678216,0.360302677532014,20.267293288294905,5,1,1
0702,1126833.73,671706.5510082999,182919.8454961832,213647.0856661046,58560.2455779263,27693,49.3,577,130,La Unión,Santa Rosa de Lima,128.56,ARENA,40.69020077275846,0.215409147479776,20.835590221355577,5,1,1
0703,1118788.35,584478.992912639,182919.8454961832,216886.78240877937,134502.7294574523,16375,21.7,153,126,La Unión,Pasaquina,295.23,ARENA,68.32295267175573,0.055465230498255594,9.343511450381678,5,2,3
0704,1146748.22,619370.018150903,182919.8454961832,229834.0407561165,114624.311064323,17598,16.9,100,128,La Unión,San Alejo,251.64,ARENA,65.16355381293329,0.06993323795898904,5.682463916354131,5,2,3
0705,877506.8999999999,468705.466500937,182919.8454961832,176686.60338795878,49194.9831177352,14551,18.8,72,NA,La Unión,Meanguera del Golfo,25.13,ARENA,60.3056078620026,0.5790290489454835,4.948113531716034,4,2,3
0706,861545.3500000001,474208.14201164397,182919.8454961832,156415.81489399722,48001.548475434596,12324,45.6,61,119,La Unión,Conchagua,200.64,ARENA,69.90793167802663,0.06142344497607656,4.949691658552418,4,2,3
0707,1502830.8900000001,792534.385889096,182919.8454961832,432134.263144298,95242.3934193264,37362,12.4,264,118,La Unión,Concepción de Oriente,68.77,FMLN,40.22351292757347,0.543289224952741,7.066002890637546,5,2,3
0708,636468.28,298197.331842604,182919.8454961832,88523.36393401251,66827.737851879,6546,14.5,44,120,La Unión,El Carmen,105.38,PDC,97.23010693553316,0.06211804896564813,6.7216620837152465,3,5,5
0709,848144.8200000001,421565.906625875,182919.8454961832,198645.6652044704,45013.4097527277,13385,53,43,123,La Unión,La Unión,144.43,ARENA,63.36532088158387,0.09267465208059267,3.212551363466567,4,2,3
0710,591031.22,295310.122407973,182919.8454961832,87666.2650714551,25134.99135959841,6799,17.3,16,132,La Unión,Yucuaiquín,55.18,FMLN,86.9291395793499,0.12321493294671983,2.3532872481247242,3,4,4
0711,782022.6599999999,406586.402735616,182919.8454961832,153269.7507161396,39246.6596872599,9637,14,74,125,La Unión,Nueva Esparta,86.16,ARENA,81.14793607969284,0.11185004642525534,7.678738196534191,4,2,3
0712,684513.9199999999,321294.967319648,182919.8454961832,122631.6419300346,57667.4506546785,9701,10.5,45,127,La Unión,Polorós,126.6,ARENA,70.5611710132976,0.07662717219589259,4.638697041542109,3,2,3
0713,420706,170820.6350206693,182919.8454961832,43465.8001660601,23499.711372629252,4215,12.3,17,116,La Unión,Anamorós,108,ARENA,99.81162514827996,0.03902777777777778,4.0332147093712925,2,4,4
0714,508027.11,219359.64869228122,182919.8454961832,74422.2596725436,31325.358301913402,8179,12.1,35,117,La Unión,Bolívar,51.59,ARENA,62.11359701675021,0.1585384764489242,4.279251742266781,2,2,3
0715,563915.82,244597.2218679339,182919.8454961832,93357.70143442,43041.053111062996,7567,13.7,53,121,La Unión,El Sauce,146.71,ARENA,74.52303687062243,0.051577942880512574,7.004096735826615,3,2,3
0716,378591.99,135019.2900312508,182919.8454961832,40082.055631358904,20570.79017034187,2971,27.4,22,129,La Unión,San José las Fuentes,45.16,GANA,127.42914506900033,0.06578830823737822,7.404914170313026,1,5,5
0717,448181.06,183830.0470614162,182919.8454961832,62368.1096357705,19063.05945812239,6871,42.2,39,131,La Unión,Yayantique,41.86,ARENA,65.22792315529036,0.16414237935977066,5.676029690001455,2,2,3
0718,343731.96,114401.253951007,182919.8454961832,38812.9734836059,7597.89108151688,2398,4.8,22,124,La Unión,Lislique,98.82,ARENA,143.3411009174312,0.02426634284557782,9.174311926605505,1,5,5
0801,1810594.33,981717.646114015,182919.8454961832,499601.75861780497,146355.0677752622,65826,64,606,115,La Paz,Zacatecoluca,321.3,FMLN,27.505762616595266,0.20487394957983193,9.206088779509615,5,3,2
0802,1295232.56,773845.674654582,182919.8454961832,281296.081957565,57170.9499065458,39887,30.1,143,113,La Paz,Santiago Nonualco,121.51,GANA,32.47254895078597,0.32826104847337667,3.585127986562038,5,2,3
0803,638576.19,334042.832752787,182919.8454961832,94442.3956083792,27171.117638638003,17256,44,96,103,La Paz,San Juan Nonualco,59.65,ARENA,37.006037899860914,0.2892875104777871,5.563282336578581,3,2,3
0804,1042709.47,586761.585124488,182919.8454961832,217733.79622589488,55294.2477209433,25446,51.5,98,109,La Paz,San Pedro Masahuat,121.39,ARENA,40.97734300086457,0.20962187989125958,3.8512929340564335,5,2,3
0805,850871.19,488881.933373531,182919.8454961832,138219.3486052164,40850.0548555416,29529,53.9,179,98,La Paz,Olocuilta,89.68,ARENA,28.814764807477392,0.3292707404103479,6.061837515662568,4,2,3
0806,597278.28,320309.921394892,182919.8454961832,81503.7787285637,12544.72009502248,9252,33.7,37,110,La Paz,San Pedro Nonualco,27.54,ARENA,64.55666666666667,0.3359477124183007,3.99913532209252,3,2,3
0807,482794.5,210120.5945014635,182919.8454961832,71287.72411804809,18466.34213697209,7387,36,30,102,La Paz,San Francisco Chinameca,40.54,ARENA,65.35731690808177,0.18221509620128268,4.061188574522811,2,2,3
0808,482459.71,231825.5840159212,182919.8454961832,49157.236529025,18557.444476079,7707,58.9,42,104,La Paz,San Juan Talpa,40.74,ARENA,62.60019592578176,0.18917525773195876,5.449591280653951,2,2,3
0809,621160.91,332775.856718532,182919.8454961832,84675.7773089861,20789.43178419847,16784,55.9,63,95,La Paz,El Rosario,10.61,GANA,37.00911046234509,1.5819038642789822,3.7535748331744516,3,2,3
0810,576113.46,309440.447052753,182919.8454961832,78738.0091216559,5015.15076783578,9820,52.1,72,111,La Paz,San Rafael Obrajuelo,11.01,GANA,58.66735845213849,0.8919164396003634,7.3319755600814664,3,2,3
0811,443233.43,192253.8911765735,182919.8454961832,57072.8172008783,10986.8760962942,5990,25.9,27,112,La Paz,Santa María Ostuma,24.12,ARENA,73.99556427378965,0.24834162520729683,4.507512520868113,2,2,3
0812,839442.47,471089.956222243,182919.8454961832,155387.2902589284,30045.3834374612,21675,61,198,107,La Paz,San Luis Talpa,65.96,GANA,38.7286029988466,0.32860824742268047,9.134948096885815,4,3,2
0813,368495.44999999995,137464.930258232,182919.8454961832,34978.349059861896,13132.32318226209,4258,25.9,23,100,La Paz,San Antonio Masahuat,28.83,FMLN,86.54190934711131,0.1476933749566424,5.401596993893847,1,2,3
0814,407893.06999999995,157233.7870929962,182919.8454961832,46676.6853503296,21062.73880151922,5084,50.5,21,108,La Paz,San Miguel Tepezontes,46.24,ARENA,80.23073760818252,0.10994809688581314,4.1306058221872535,2,2,3
0815,320489.58999999997,103158.13874085751,182919.8454961832,26248.8868630592,8162.72358397977,3630,36.4,21,105,La Paz,San Juan Tepezontes,17.92,ARENA,88.2891432506887,0.20256696428571427,5.785123966942148,1,2,3
0816,348549.15,122689.23138688749,182919.8454961832,36421.7341359669,6518.33936309992,3809,19.3,10,114,La Paz,Tapalhuaca,14.31,FMLN,91.50673405093201,0.26617749825296994,2.625360987135731,1,4,4
0817,357942.82,141167.3397685229,182919.8454961832,29933.699183095698,3921.9326985527805,5590,60.2,47,94,La Paz,Cuyultitán,8.61,ARENA,64.03270483005367,0.6492450638792103,8.407871198568872,1,2,3
0818,311179.63,99625.5550796625,182919.8454961832,25350.01424081414,3284.21632480436,2727,64.2,14,99,La Paz,Paraíso de Osorio,7.21,ARENA,114.11060872753943,0.3782246879334258,5.133846718005134,1,4,4
0819,305886.15,91337.577643782,182919.8454961832,27114.6271931381,4514.09790274774,2818,48.7,3,101,La Paz,San Emigdio,9.91,ARENA,108.5472498225692,0.2843592330978809,1.0645848119233499,1,4,4
0820,278819.08999999997,69394.82394059,182919.8454961832,23543.6175288025,2960.8060209748,2570,17.4,36,96,La Paz,Jerusalén,45.64,ARENA,108.48991828793773,0.0563102541630149,14.007782101167315,1,5,5
0821,214171.09,21059.61528789321,182919.8454961832,5358.67986338383,4832.95608962195,637,76.1,6,97,La Paz,Mercedes La Ceiba,6.5,GANA,336.21835164835164,0.098,9.419152276295133,1,5,5
0822,940561.68,515692.18511181197,182919.8454961832,194399.0574955307,47550.5988968554,20405,42.7,57,106,La Paz,San Luis La Herradura,104.39,GANA,46.094666993383974,0.19546891464699684,2.7934329821122272,4,2,3
0901,1241516.39,789341.473926093,182919.8454961832,209218.9671392116,60036.1014714583,29271,58,721,25,Chalatenango,Chalatenango,131.8,ARENA,42.41455331215196,0.22208649468892258,24.631888217006594,5,1,1
0902,1357469.72,742412.5069039101,182919.8454961832,314848.328876365,117289.0394832004,28625,34.4,283,38,Chalatenango,Nueva Concepción,257.49,ARENA,47.422522969432315,0.11116936580061362,9.88646288209607,5,3,2
0903,676919.5900000001,325024.558165794,182919.8454961832,107208.1531377629,61767.035914489694,12235,23.8,51,34,Chalatenango,La Palma,135.6,FMLN,55.32648876174909,0.09022861356932153,4.168369431957499,3,2,3
0904,756842.3300000001,394755.654887594,182919.8454961832,130208.7017906257,48958.1130360572,13608,39.9,64,55,Chalatenango,Tejutla,107.48,GANA,55.6174551734274,0.12660960178637887,4.703115814226925,4,2,3
0905,580057.06,259338.94156945898,182919.8454961832,76987.8019485346,60810.4613538671,9525,21.4,49,35,Chalatenango,La Reina,133.5,ARENA-PCN,60.89837900262468,0.07134831460674157,5.1443569553805775,3,2,3
0906,321821.03,76154.2787346074,182919.8454961832,32296.1269723294,30450.781846487,2946,32.2,22,23,Chalatenango,Arcatao,66.85,FMLN,109.23999660556687,0.04406881077038145,7.46775288526816,1,5,5
0907,512840.31,222824.29401383782,182919.8454961832,75597.70925547939,31498.4587462166,8611,14.3,44,47,Chalatenango,San Ignacio,69.15,FMLN,59.556417373127395,0.12452639190166305,5.109743351527117,2,2,3
0908,449946.30999999994,186921.05151496181,182919.8454961832,55489.6950665076,24615.71002668899,5051,41.7,51,29,Chalatenango,Dulce Nombre de María,54.04,PCN,89.0806394773312,0.09346780162842339,10.09701049297169,2,5,5
0909,431481.30000000005,163789.44686809852,182919.8454961832,48622.8091206069,36149.2001576247,4164,32.9,35,26,Chalatenango,Citalá,79.36,ARENA,103.62182997118157,0.05246975806451613,8.405379442843419,2,5,5
0910,656936.4,287361.816670285,182919.8454961832,97493.3936434993,89161.3472839397,8261,24,34,22,Chalatenango,Agua Caliente,195.74,PCN,79.52262437961507,0.0422039440073567,4.115724488560707,3,2,3
0911,475083.18000000005,213823.0040117544,182919.8454961832,54407.878048389,23932.45248338711,6457,46.4,43,28,Chalatenango,Concepción Quezaltepeque,52.54,ARENA,73.57645655877343,0.1228968405024743,6.659439368127613,2,2,3
0912,258839.76,39673.5903488053,182919.8454961832,15142.59109782011,21103.73785411733,1673,13.2,5,39,Chalatenango,Nueva Trinidad,46.33,FMLN,154.71593544530785,0.03611051154759336,2.988643156007173,1,5,5
0913,248505.18,35325.8066119499,182919.8454961832,13483.12933367544,16776.39674653878,940,32,5,36,Chalatenango,Las Vueltas,36.83,FMLN,264.36721276595745,0.025522671734998642,5.319148936170213,1,5,5
0914,382416.94,143918.6825238767,182919.8454961832,42723.9475371239,12854.464047985999,2996,26.2,19,27,Chalatenango,Comalapa,28.22,ARENA,127.64250333778371,0.10616583982990786,6.341789052069426,2,5,5
0915,377715.15,146670.0152792305,182919.8454961832,37320.6067582119,10804.671418080361,4264,39.1,46,53,Chalatenango,San Rafael,23.72,ARENA,88.58235225140713,0.17976391231028668,10.787992495309568,1,5,5
0916,262645.13,50611.0030305821,182919.8454961832,17170.81880955248,11943.450656916819,1583,37,3,50,Chalatenango,San José Las Flores,26.22,FMLN,165.91606443461782,0.06037376048817697,1.8951358180669615,1,5,5
0917,347469.85,107845.60417590471,182919.8454961832,41162.4390715572,15541.973051640049,3667,21.8,18,40,Chalatenango,Ojos de Agua,34.12,GANA,94.7558903736024,0.1074736225087925,4.9086446686664855,1,4,4
0918,405066.44,147451.2561850716,182919.8454961832,56279.0957668126,18416.228850463278,4484,18.2,8,37,Chalatenango,Nombre de Jesús,40.43,FMLN,90.33595896520964,0.11090774177590898,1.784121320249777,2,4,4
0919,269794.33999999997,53735.9766539469,182919.8454961832,15952.151889008739,17186.3572725199,1586,48.4,18,41,Chalatenango,Potonico,37.73,ARENA,170.1099243379571,0.04203551550490327,11.349306431273645,1,5,5
0920,330856.02,77411.0580179171,182919.8454961832,26263.2926422618,44261.8204550956,3919,18,5,46,Chalatenango,San Francisco Morazán,97.17,FMLN,84.42358254656801,0.04033137799732427,1.2758356723653994,1,4,4
0921,405705.94999999995,153123.7675448751,182919.8454961832,45456.5848518656,24205.74950070786,5985,6.7,37,54,Chalatenango,Santa Rita,53.14,ARENA,67.78712614870508,0.11262702295822356,6.182121971595656,2,2,3
0922,396080.68000000005,155297.6644133028,182919.8454961832,46101.9277601441,11761.24597870299,3923,11,19,33,Chalatenango,La Laguna,25.82,ARENA,100.96372164160083,0.1519364833462432,4.843232220239613,2,4,4
0923,201453.05,4110.01954812109,182919.8454961832,1568.706355168008,12854.464047985999,2592,38.1,2,48,Chalatenango,San Isidro Labrador,28.22,FMLN,77.72108410493827,0.09184975194897237,0.7716049382716049,1,4,4
0924,277808.11,60427.5031083258,182919.8454961832,23063.92608135443,11396.83662227532,1854,7,1,42,Chalatenango,San Antonio de la Cruz,25.05,ARENA,149.84256202804747,0.07401197604790419,0.5393743257820928,1,5,5
0925,631876.77,338957.87562562304,182919.8454961832,86248.80439791491,23750.24780517327,10483,27.2,72,31,Chalatenango,El Paraíso,52.14,GANA,60.27633024897453,0.2010548523206751,6.868262901841076,3,2,3
0926,285765.15,74863.5302814784,182919.8454961832,19049.24441757735,8932.53134943322,2487,41.3,43,52,Chalatenango,San Miguel de Mercedes,19.61,PCN,114.90355850422196,0.1268230494645589,17.289907519099316,1,5,5
0927,252667.79,46297.178463545904,182919.8454961832,13743.85693724331,9706.90123184201,1173,23.4,3,51,Chalatenango,San Luis del Carmen,21.31,FMLN,215.40306052855925,0.05504458000938527,2.557544757033248,1,5,5
0928,268794.43,50475.1363513053,182919.8454961832,19265.31110561702,16134.12825583501,1751,38.1,1,49,Chalatenango,San José Cancasque,35.42,FMLN,153.50909765848087,0.04943534726143422,0.5711022272986864,1,5,5
0929,237897.81,35020.0940835773,182919.8454961832,14851.60835792669,5106.2531069427005,1619,38.2,18,43,Chalatenango,San Antonio Los Ranchos,11.21,GANA,146.94120444718962,0.14442462087421945,11.11797405806053,1,5,5
0930,315900.99,93647.3411914864,182919.8454961832,27800.310283184,11533.490130935701,2464,15,11,30,Chalatenango,El Carrizal,25.32,FMLN,128.2065706168831,0.09731437598736177,4.464285714285714,1,4,4
0931,285405.9,61548.4157123589,182919.8454961832,20881.56553215375,20056.06095438779,2593,24.3,11,44,Chalatenango,San Fernando,44.03,FMLN-GANA,110.06783648283842,0.058891664774017714,4.242190512919398,1,4,4
0932,250880.75,52309.3615215412,182919.8454961832,11091.88998603642,4559.6490723012,1136,46.4,10,24,Chalatenango,Azacualpa,10.01,FMLN,220.84573063380282,0.1134865134865135,8.802816901408452,1,5,5
0933,227093.73,31215.7770638288,182919.8454961832,7942.94865233829,5015.15076783578,862,69.4,10,45,Chalatenango,San Francisco Lempa,11.01,FMLN,263.44980278422275,0.07829246139872843,11.600928074245939,1,5,5
1001,1389351.1400000001,929360.7297547269,182919.8454961832,262753.90696792,14316.653590652018,50315,81.6,569,57,Cuscatlán,Cojutepeque,31.43,PCN,27.61306051873199,1.600859051861279,11.308754844479777,5,3,2
1002,896258.51,423400.121796111,182919.8454961832,139656.9793696404,150281.56259077042,24786,30.9,114,70,Cuscatlán,Suchitoto,329.32,FMLN,36.15986887759219,0.07526418073606218,4.599370612442508,4,2,3
1003,1232094.24,707793.215024199,182919.8454961832,300166.702713029,41214.4642119693,44730,33.5,194,65,Cuscatlán,San Pedro Perulapán,90.48,ARENA-PCN,27.545142857142856,0.4943633952254642,4.337133914598703,5,2,3
1004,653433.15,336783.978757195,182919.8454961832,114260.8706353778,19468.457867148172,9300,30.9,51,64,Cuscatlán,San José Guayabal,42.74,ARENA,70.26162903225807,0.21759475900795508,5.483870967741935,3,2,3
1005,450666.08,181146.6426457008,182919.8454961832,69139.92943893379,17459.66428984065,6782,13.5,18,71,Cuscatlán,Tenancingo,38.33,FMLN,66.45032143910352,0.17693712496738848,2.6540843409023887,2,2,3
1006,639499.73,358743.71704529703,182919.8454961832,84521.6444715178,13314.52786047593,17069,31.4,92,66,Cuscatlán,San Rafael Cedros,29.23,ARENA,37.465565059464524,0.5839548409168662,5.389888101236159,3,2,3
1007,624034.7,327239.212038005,182919.8454961832,97144.78778679529,16730.845576985317,10090,35.7,54,56,Cuscatlán,Candelaria,36.73,PCN,61.84684836471754,0.27470732371358564,5.351833498513379,3,2,3
1008,727969.83,380784.97934096504,182919.8454961832,161486.38917332812,2778.60134276097,13345,15.5,61,58,Cuscatlán,El Carmen,6.1,ARENA,54.550005994754585,2.187704918032787,4.5710003746721615,4,2,3
1009,582278.6599999999,280262.690178076,182919.8454961832,106970.4727809193,12125.655335130661,10224,15.7,69,60,Cuscatlán,Monte San Juan,26.62,ARENA,56.952138106416264,0.38407212622088654,6.748826291079812,3,2,3
1010,515571.19000000006,242185.55081077188,182919.8454961832,82166.4145718854,8299.37709264014,8316,10.4,36,63,Cuscatlán,San Cristóbal,18.22,ARENA,61.997497594997604,0.4564215148188804,4.329004329004329,2,2,3
1011,633912.68,337701.086342313,182919.8454961832,100250.5117828855,13041.22084315518,11790,56.5,67,69,Cuscatlán,Santa Cruz Michapa,28.63,ARENA,53.76697879558949,0.41180579811386664,5.682782018659881,3,2,3
1012,421465.01,192185.95283693512,182919.8454961832,40751.8893642819,5607.31597203074,8058,58.1,53,62,Cuscatlán,San Bartolomé Perulapía,12.31,ARENA,52.30392280963018,0.6545897644191714,6.577314470091834,2,2,3
1013,394118.53,157335.6946024538,182919.8454961832,46706.94048665521,7156.04573684833,6292,20,35,67,Cuscatlán,San Ramón,15.71,PCN,62.63803719008265,0.4005092297899427,5.562619198982835,2,2,3
1014,356754.6,124965.0257647728,182919.8454961832,42396.9453492239,6472.78819354646,4220,10.1,5,59,Cuscatlán,El Rosario,14.21,ARENA,84.53900473933649,0.29697396199859255,1.1848341232227488,1,4,4
1015,301720.9,80434.1341318244,182919.8454961832,27288.9301214901,11077.97843540111,3578,24,6,61,Cuscatlán,Oratorio de Concepción,24.32,PCN,84.32669088876467,0.14712171052631579,1.6769144773616547,1,4,4
1016,288338.45,77139.3246593637,182919.8454961832,22899.708198444278,5379.56012426345,2585,69.9,17,68,Cuscatlán,Santa Cruz Analquito,11.81,PCN,111.54292069632496,0.2188823031329382,6.576402321083172,1,5,5
1101,1613646.1,580565.980549469,182919.8454961832,738633.4243948101,111526.8415346879,110511,57.9,1007,1,Ahuachapán,Ahuachapán,244.84,PCN,14.601678565934614,0.45136007188367916,9.112215073612582,5,2,3
1102,1183131.28,766651.438486879,182919.8454961832,203204.8593221075,30355.1273904248,33587,62.1,341,3,Ahuachapán,Atiquizaya,66.64,ARENA,35.22586953285497,0.5040066026410565,10.152737666359009,5,3,2
1103,1624160.8399999999,866029.042626861,182919.8454961832,472207.677308135,103004.2707112358,42607,29.1,95,8,Ahuachapán,San Francisco Menéndez,226.13,PCN-PDC,38.11957753420799,0.18841816654137,2.2296805689205996,5,2,3
1104,1083864.77,563691.120983299,182919.8454961832,268936.553401695,68317.2500962771,29858,16.4,99,11,Ahuachapán,Tacuba,149.98,PCN,36.30064873735682,0.1990798773169756,3.3156942862884318,5,2,3
1105,755903.98,425020.355196486,182919.8454961832,120164.0629526216,27799.7197784757,12786,46.2,75,4,Ahuachapán,Concepción de Ataco,61.03,ARENA,59.11966056624433,0.209503522857611,5.865790708587518,4,2,3
1106,1385880.52,733010.40469796,182919.8454961832,349718.63959220704,120231.62703635379,28599,24.2,58,7,Ahuachapán,Jujutla,263.95,ARENA,48.45905521172069,0.1083500663004357,2.0280429385642855,5,2,3
1107,988385.6000000001,528837.453831836,182919.8454961832,249192.9844265507,27435.310422048096,19037,6.9,76,6,Ahuachapán,Guaymango,60.23,FMLN,51.91918894783843,0.3160717250539598,3.992225665808688,4,2,3
1108,544869.55,263245.166098665,182919.8454961832,78147.4021743475,20557.12381947583,8383,35.1,63,2,Ahuachapán,Apaneca,45.13,ARENA,64.99696409399976,0.1857522712164857,7.515209352260527,3,2,3
1109,496045.4,226900.3443921397,182919.8454961832,67358.0235515666,18867.18842904252,7773,24.3,31,10,Ahuachapán,San Pedro Puxtla,41.12,ARENA,63.81646725845877,0.18903210116731517,3.9881641579827614,2,2,3
1110,520469.4,243306.4634148049,182919.8454961832,72228.37049998081,22014.75124518651,9194,12.3,47,9,Ahuachapán,San Lorenzo,48.33,FPS,56.6096802262345,0.19023380922822264,5.112029584511639,2,2,3
1111,417766.01,185902.03642038628,182919.8454961832,39419.4197880372,9524.69655362818,8997,71.2,126,12,Ahuachapán,Turín,20.91,PCN,46.43392353006558,0.43027259684361546,14.004668222740914,2,3,2
1112,398106.04000000004,173402.1419269272,182919.8454961832,36768.8964147506,5015.15076783578,8171,77.3,81,5,Ahuachapán,El Refugio,11.01,PCN,48.72182596989353,0.7421435059037238,9.913107330804063,2,3,2
1201,768064.5,438553.718174676,182919.8454961832,118315.97460179709,28274.9509251468,21049,72.7,653,151,Morazán,San Francisco Gotera,63.56,GANA,36.48935816428334,0.33116740088105723,31.022851441873723,4,1,1
1202,847360.32,499084.802264986,182919.8454961832,137457.23376452172,27898.4253681782,10060,30.4,161,144,Morazán,Jocoro,59.76,FMLN,84.230648111332,0.1683400267737617,16.003976143141156,4,5,5
1203,963876.1100000001,501415.80703681,182919.8454961832,236271.66048177838,43268.8089588303,15410,21.8,144,136,Morazán,Corinto,94.99,ARENA,62.54874172615185,0.16222760290556903,9.34458144062297,4,2,3
1204,694106.83,321111.545802625,182919.8454961832,136179.5922701219,53895.83781565211,11406,9.4,34,155,Morazán,Sociedad,118.32,ARENA,60.85453533228125,0.09639959432048682,2.9808872523233387,3,2,3
1205,697074.26,317626.51697917597,182919.8454961832,134701.64132393058,61826.253434909304,10943,9.9,100,134,Morazán,Cacaopera,135.73,ARENA,63.700471534314175,0.08062329624990791,9.138261902586127,4,2,3
1206,677413.98,314202.638661403,182919.8454961832,148055.1186447822,32236.3816929826,11721,32.9,36,141,Morazán,Guatajiagua,70.77,ARENA,57.794896339902735,0.1656210258584146,3.0714102892244686,3,2,3
1207,540368.78,254074.0402474858,182919.8454961832,75424.8499050476,27950.0396380021,7617,10.8,68,138,Morazán,El Divisadero,61.36,FMLN,70.94246816331889,0.12413624511082137,8.927399238545359,3,2,3
1208,299170.7,65047.0302037347,182919.8454961832,27585.6771730646,23618.14641346825,2877,28.7,21,143,Morazán,Jocoaitique,51.85,FMLN,103.98703510601321,0.05548698167791707,7.299270072992701,1,5,5
1209,643250.25,327714.750415474,182919.8454961832,111183.94819769281,21431.70027490223,8909,22.3,57,147,Morazán,Osicala,47.05,PCN,72.20229543158604,0.18935175345377261,6.398024469637446,3,2,3
1210,590812.3200000001,283897.171348728,182919.8454961832,108357.678318134,15637.627507702311,9700,12.8,41,135,Morazán,Chilanga,34.33,GANA,60.90848659793815,0.2825517040489368,4.22680412371134,3,2,3
1211,580826.51,264298.15036306,182919.8454961832,112085.70797577841,21522.80261400915,7818,19.6,51,146,Morazán,Meanguera,47.25,PSD,74.29349066257355,0.16546031746031747,6.523407521105142,3,2,3
1212,258906.7,36922.257593451504,182919.8454961832,12526.63359461983,26537.9633818449,3042,7.2,9,156,Morazán,Torola,58.26,GANA,85.11068376068377,0.05221421215242019,2.9585798816568047,1,4,4
1213,590724.91,273842.90708225,182919.8454961832,116133.5219317216,17828.62576322367,10102,15.3,67,153,Morazán,San Simón,39.14,FMLN,58.47603543852703,0.2580991313234543,6.63235002969709,3,2,3
1214,401326.8,161309.8474712981,182919.8454961832,47886.7108033518,9210.39048370931,5076,40.6,21,137,Morazán,Delicias de Concepción,20.22,ARENA,79.06359338061465,0.2510385756676558,4.137115839243498,2,2,3
1215,378103.91000000003,115861.8382532318,182919.8454961832,49135.6328602211,30186.589063077,4210,19.2,5,142,Morazán,Joateca,66.27,GANA,89.81090498812353,0.06352799154972084,1.187648456057007,1,4,4
1216,321297.81,62499.492467296,182919.8454961832,23854.77035957962,52023.697747005004,1821,14.2,9,133,Morazán,Arambala,114.21,ARENA,176.440313014827,0.015944313107433675,4.942339373970346,1,5,5
1217,409531.5,156554.4436966126,182919.8454961832,59753.595710490496,10303.61855299232,4915,20.8,20,145,Morazán,Lolotiquillo,22.62,ARENA,83.32278738555442,0.21728558797524314,4.0691759918616475,2,2,3
1218,391252.47,123062.87225489851,182919.8454961832,46970.5552460636,38299.2093605479,4346,12.6,7,157,Morazán,Yamabal,84.08,ARENA,90.02587896916704,0.05168886774500476,1.6106764841233319,2,4,4
1219,366053.08999999997,128089.9993881376,182919.8454961832,48889.301035855795,6153.93000667225,3613,17.7,17,158,Morazán,Yoloaiquín,13.51,ARENA,101.31555217270964,0.2674315321983716,4.705231109880986,1,4,4
1220,341589.46,109374.1168177679,182919.8454961832,32468.9863227612,16826.51003304758,4172,23.9,29,149,Morazán,San Carlos,36.94,ARENA,81.87666826462129,0.11293990254466703,6.9511025886864815,1,2,3
1221,240577.67,36548.6167254405,182919.8454961832,12399.86873763656,8709.33761862127,1339,35.3,39,139,Morazán,El Rosario,19.12,ARENA,179.66965646004482,0.07003138075313807,29.12621359223301,1,5,5
1222,395522.03,117933.837612202,182919.8454961832,45012.9028524242,49655.0469302251,3158,5.7,53,148,Morazán,Perquín,109.01,ARENA,125.24446801773276,0.02896981928263462,16.782773907536416,2,5,5
1223,344209.93000000005,106215.174024584,182919.8454961832,45044.59156667,10030.31153567157,2940,27,4,154,Morazán,Sensembra,22.02,ARENA,117.07820748299322,0.1335149863760218,1.3605442176870748,1,4,4
1224,328784.73,102580.6928539314,182919.8454961832,34802.602553589604,8481.58177085398,3650,24.9,6,140,Morazán,Gualococti,18.62,ARENA,90.07800821917807,0.19602577873254562,1.6438356164383563,1,4,4
1225,235901.29,30400.5669881684,182919.8454961832,10314.0179090936,12266.86096074638,1708,12.8,1,150,Morazán,San Fernando,26.93,ARENA,138.1155093676815,0.06342369105087263,0.585480093676815,1,5,5
1226,323044.36,97621.49406033079,182919.8454961832,37260.1064855608,5242.90661560308,2804,26.6,11,152,Morazán,San Isidro,11.51,ARENA,115.20840228245363,0.243614248479583,3.9229671897289586,1,4,4
1301,1561299.29,928504.762675284,182919.8454961832,328139.872346645,121734.8056316179,53213,69,611,206,San Vicente,San Vicente,267.25,ARENA,29.340561328998554,0.19911318989710008,11.482156615864543,5,3,2
1302,1017494.12,511932.024012829,182919.8454961832,192981.5968219905,129660.65913391969,23893,43.8,95,209,San Vicente,Tecoluca,284.65,ARENA,42.58544845770728,0.0839381696820657,3.976059933871845,5,2,3
1303,720388.1,397048.433850389,182919.8454961832,112255.6901703696,28164.1291349034,14411,45.5,105,205,San Vicente,San Sebastián,16.41,ARENA,49.98876552633405,0.8781840341255333,7.286100895149539,4,2,3
1304,1005933.4099999999,557818.203521562,182919.8454961832,210279.1804885263,54916.1720136496,18342,26.5,134,199,San Vicente,Apastepeque,120.56,ARENA,54.8431692290917,0.15214001327140014,7.305637335077963,4,2,3
1305,358061.57,111242.311157823,182919.8454961832,28305.9261331968,35593.4818890725,5661,44.6,18,202,San Vicente,San Esteban Catarina,18.71,FMLN,63.250586468821766,0.30256547300908604,3.179650238473768,1,2,3
1306,653530.8300000001,295649.794106165,182919.8454961832,112843.4099618375,62117.7789200514,7799,28,17,203,San Vicente,San Ildefonso,61.83,ARENA,83.79674701884858,0.12613617984797024,2.179766636748301,3,4,4
1307,431403.24,143205.3699576738,182919.8454961832,48585.35609468,56692.657626234504,5349,17.7,22,207,San Vicente,Santa Clara,78.14,ARENA,80.65119461581604,0.06845405682109035,4.112918302486445,2,2,3
1308,463587.37,209848.8511429101,182919.8454961832,62296.0907397573,8522.57082345209,6055,34,7,204,San Vicente,San Lorenzo,124.46,ARENA,76.56273658133773,0.048650168728908885,1.1560693641618498,2,4,4
1309,461709.83999999997,214502.3474081381,182919.8454961832,54580.7373988208,9706.90123184201,6257,39.2,38,211,San Vicente,Verapaz,24.31,ARENA,73.79092856001279,0.25738379267791034,6.073198018219594,2,2,3
1310,430695.53,189706.3534401348,182919.8454961832,48271.32610806241,9798.003570948931,5486,67.8,34,200,San Vicente,Guadalupe,21.51,FMLN,78.50811702515495,0.25504416550441655,6.197593875318994,2,2,3
1311,449022.46,213381.43480410508,182919.8454961832,45246.262475507,7474.90392372254,6445,34.5,43,208,San Vicente,Santo Domingo,136.37,GANA,69.66989294026378,0.04726112781403534,6.671838634600466,2,2,3
1312,415106.14,173062.4702287353,182919.8454961832,51375.616526232305,7748.2109410432895,5103,31.6,25,201,San Vicente,San Cayetano Istepeque,17.01,ARENA,81.345510484029,0.3,4.899078973153047,2,2,3
1313,351227.42000000004,129516.6245205432,182919.8454961832,32955.8756598105,5835.07181979804,3631,50.8,32,210,San Vicente,Nuevo Tepetitán,12.81,FMLN,96.73021757091712,0.28345042935206866,8.812999173781328,1,5,5
1401,1647181.02,930226.8935851159,182919.8454961832,394498.182821548,139536.0986931095,40332,38.2,252,19,Cabañas,Sensuntepeque,306.33,ARENA,40.840548943766734,0.13166193320928413,6.248140434394526,5,2,3
1402,1745097.3699999999,908841.192266959,182919.8454961832,539600.2667297879,113736.0682580306,61510,38.7,250,16,Cabañas,Ilobasco,249.69,ARENA,28.370953828645746,0.2463454683807922,4.064379775646237,5,2,3
1403,729814.73,362050.244943649,182919.8454961832,136935.72222764988,47908.9186588073,12626,10.4,52,21,Cabañas,Villa Victoria,146.95,ARENA,57.802528908601296,0.08592038108200069,4.118485664501821,4,2,3
1404,774575.26,384540.20984802104,182919.8454961832,152407.025992512,54708.1721112241,7796,19.9,34,18,Cabañas,San Isidro,78.33,PCN,99.35547203694202,0.09952763947402017,4.361210877373011,4,4,4
1405,540029.16,243815.9709620927,182919.8454961832,82719.5684932669,30573.7690042814,6584,9.5,14,17,Cabañas,Jutiapa,67.12,ARENA,82.02143985419198,0.09809296781883194,2.12636695018226,3,4,4
1406,437345.69999999995,172790.7268701819,182919.8454961832,58622.7970430829,23012.314858407248,7114,38.6,39,20,Cabañas,Tejutepeque,50.52,ARENA,61.47676412707337,0.14081551860649247,5.482147877424796,2,2,3
1407,524938.57,192491.6553653078,182919.8454961832,81633.4307413875,67893.6332194299,6347,22.3,16,14,Cabañas,Villa Dolores,149.05,FMLN,82.70656530644398,0.0425830258302583,2.5208760044115333,2,4,4
1408,225578.24,19497.12347621081,182919.8454961832,7441.65353608625,15719.61561289854,1467,30.9,7,13,Cabañas,Cinquera,34.51,FMLN,153.76839809134287,0.0425094175601275,4.771642808452625,1,5,5
1409,370542.5,132947.30067228072,182919.8454961832,45105.1018393211,9570.247723181641,5550,43.6,21,15,Cabañas,Guacotecti,21.01,GANA,66.76441441441442,0.26415992384578774,3.7837837837837838,1,2,3
